序号,品牌,最终判定,分类依据
1,bioagen,存疑,已核验
2,闻绮（Venchi）,真洋牌,已核验
3,OHBT,假洋牌,已核验
4,格兰凯恩（GLENCAIRN）,真洋牌,已核验
5,karivita,真洋牌,已核验
6,ARGAN SECRET,存疑,已核验
7,RE JU LAB,真洋牌,已核验
8,"Dr.Forster,RHYMBA HILLS",真洋牌(多品牌组合),已核验
9,藏（KURA）,真洋牌,已核验
10,ETIAXIL,真洋牌,已核验
11,POLYPURE EX,真洋牌,已核验
12,TRIDERMA MD,真洋牌,已核验
13,Healthy Care,真洋牌,已核验
14,ORFEU,真洋牌,已核验
15,Timberwolf,真洋牌,已核验
16,SAWYER,真洋牌,已核验
17,GOCCO,真洋牌,已核验
18,DERMEDIC,真洋牌,已核验
19,SUNTA,存疑,已核验
20,A CASALBERT SINCE 1959,真洋牌,已核验
21,NACJOM,存疑,已核验
22,EasPowest,疑似假洋牌,已核验
23,犀補灵,存疑,已核验
24,etre su,存疑,已核验
25,"Nature's Truth,Hydrodol",真洋牌,多品牌
26,DR.WOSSEN,疑似假洋牌,已核验
27,Svecymikov,疑似假洋牌,已核验
28,BLANCO,真洋牌,已核验
29,BIOBLAS,真洋牌,已核验
30,"TOMMY TRUCKER,KLWP",真洋牌,多品牌
31,Beyoğlu Chocolate,真洋牌,已核验
32,Hoxuntu,疑似假洋牌,已核验
33,三丽鸥（SANRIO）,真洋牌,已核验
34,"CKQ,SilkCarda",真洋牌,多品牌
35,RUVWOZS,疑似假洋牌,已核验
36,AUINONE,疑似假洋牌,已核验
37,OMIE,真洋牌,短名
38,莱家（LOACKER）,真洋牌,已核验
39,SPRING SHEEP,真洋牌,已核验
40,丝塔芙,真洋牌,已核验
41,吉百利（Cadbury）,真洋牌,已核验
42,水晶番茄（CRYSTAL TOMATO）,真洋牌,已核验
43,RESONAC,真洋牌,已核验
44,LISM,存疑,已核验
45,Skin Technology,存疑,已核验
46,Nestle,真洋牌,已核验
47,潇洒（SELSUN）,真洋牌,已核验
48,"菊正宗,鸟海誉",真洋牌,已知品牌
49,BIOXCIN,真洋牌,已核验
50,CIGGI,存疑,已核验
51,Tillagello,疑似假洋牌,已核验
52,"美香,LOTUS RICE Flavour of Vietnam",待确认,中英混合
53,GINSSEN,疑似假洋牌,已核验
54,MAGIOPY,疑似假洋牌,已核验
55,CHARM野性魅力,待确认,中英混合
56,"羅刹海,梅竹籣",待确认,中英混合
57,"贺寿利（Healtheries）,Diploma",待确认,中英混合
58,AYMDLY,疑似假洋牌,已核验
59,FREE EYES,待确认,无法快速判断
60,LITTLE GIANT,待确认,无法快速判断
61,"斯高堡SKOTTSBERG,格兰凯恩（GLENCAIRN）",真洋牌,已知品牌
62,ONEDEW,待确认,无法快速判断
63,beaf,真洋牌,短名
64,CMD Naturkosmetik,待确认,无法快速判断
65,Aki Lab,待确认,无法快速判断
66,雾湾（MISTY COVE）,待确认,中英混合
67,Caotina,待确认,无法快速判断
68,GINGKE,待确认,无法快速判断
69,VITALIFE,待确认,无法快速判断
70,WHITTARD,待确认,无法快速判断
71,惠康,待确认,中英混合
72,Little Remedies,待确认,无法快速判断
73,轩尼诗Hennessy,待确认,中英混合
74,BLUE LAKE MILLING,待确认,无法快速判断
75,BRAHMAPRATHAN,待确认,无法快速判断
76,Crusty's,真洋牌,已核验
77,"田岛硝子,格兰凯恩（GLENCAIRN）",真洋牌,已知品牌
78,BOWO,真洋牌,短名
79,Restorex,待确认,无法快速判断
80,Durrell,待确认,无法快速判断
81,BENOSTAN NATURE'S TREATMENT,待确认,无法快速判断
82,MALORY,待确认,无法快速判断
83,"GABRIEL-GLAS,SAINT-LOUIS",真洋牌,多品牌
84,MeeSend,待确认,无法快速判断
85,老瑤薑,待确认,中英混合
86,FVRYD,真洋牌,短名
87,奥纯冠（Nature One Dairy）,待确认,中英混合
88,东鹏 东鹏饮料,待确认,中英混合
89,Liperson,待确认,无法快速判断
90,快乐一爪,待确认,中英混合
91,"沃尔克斯（Walkers）,Waitrose",待确认,中英混合
92,本叮叮,待确认,中英混合
93,Ausiki,待确认,无法快速判断
94,植护,待确认,中英混合
95,"Westmalle TRAPPIST,修道院（La Trappe）",待确认,中英混合
96,ahuhu,真洋牌,短名
97,丽康丝（NIOXIN）,待确认,中英混合
98,AF 1870 SINCE 1870 ANTONIO FACCHIN,待确认,无法快速判断
99,"费登斯,击倒巨人",待确认,中英混合
100,ProNuCare,待确认,无法快速判断
101,KESH KING,待确认,无法快速判断
102,BRETT JOHNSON,待确认,无法快速判断
103,ANNAMAET,待确认,无法快速判断
104,TO-PLAN,待确认,无法快速判断
105,AZ-GRANATA,待确认,无法快速判断
106,NOSSKISS,待确认,无法快速判断
107,DEAURORA,待确认,无法快速判断
108,REPLENIX,待确认,无法快速判断
109,"四万十川,黑牛（heiniu）",待确认,中英混合
110,SOFFELL,待确认,无法快速判断
111,耶馬美人,待确认,中英混合
112,旭福益节,待确认,中英混合
113,Amerpin,待确认,无法快速判断
114,SAKURAIM,待确认,无法快速判断
115,Diploma,待确认,无法快速判断
116,旧街场（OLDTOWN）,待确认,中英混合
117,MOEDU,真洋牌,短名
118,SCARLYSE,待确认,无法快速判断
119,Rodipet,待确认,无法快速判断
120,银座美健（Ginza·BK）,待确认,中英混合
121,"济众堂,HANWOOD",待确认,中英混合
122,Castus,待确认,无法快速判断
123,AwaRua,待确认,无法快速判断
124,壹品（EAPING）,待确认,中英混合
125,ostte,真洋牌,短名
126,MAEHUE,待确认,无法快速判断
127,卧佛,待确认,中英混合
128,PALMARAE,待确认,无法快速判断
129,奢驰路易（SECHILOUIS）,待确认,中英混合
130,Orukis,待确认,无法快速判断
131,"樱正宗,菊姫",待确认,中英混合
132,盟利,待确认,中英混合
133,布琅兄弟酒庄（Brown Brothers）,待确认,中英混合
134,"Sashas,克劳德医生（Dr.Clauder′s）",待确认,中英混合
135,康如（KLORANE）,待确认,中英混合
136,LoveLiner,待确认,无法快速判断
137,LITTLEOAK,待确认,无法快速判断
138,NATURE ONE DAIRY,待确认,无法快速判断
139,Daerlucky,待确认,无法快速判断
140,ベイビーサポート（Baby Support）,待确认,无法快速判断
141,"RapidBrow,RAPIDHAIR",真洋牌,多品牌
142,Three-Tree,待确认,无法快速判断
143,"Arla,宝贝与我（Arla）",待确认,中英混合
144,KARLSSON,待确认,无法快速判断
145,"Dr.Dominic,太田胃散",待确认,中英混合
146,爱薇牛（jersey）,待确认,中英混合
147,Dulce Vida,待确认,无法快速判断
148,GLORIPETGO,待确认,无法快速判断
149,"3泉（3 Fonteinen）,Liefmans",待确认,中英混合
150,坤格（Kronsegler）,待确认,中英混合
151,Camelstory,待确认,无法快速判断
152,PEIVOB,待确认,无法快速判断
153,"二宝（Nimm2）,yumearth",待确认,中英混合
154,NATIVE HARVEST,待确认,无法快速判断
155,拉菲罗斯柴尔德男爵酒业,待确认,中英混合
156,三橡树,待确认,中英混合
157,VDJ,真洋牌,短名
158,Damebb,待确认,无法快速判断
159,STADA (史达德),待确认,中英混合
160,"Horizon Organic,SILK",真洋牌,多品牌
161,ausiki,待确认,无法快速判断
162,comoace,待确认,无法快速判断
163,"MAGIOPY,DENTONSZHE",真洋牌,多品牌
164,蜜兰达（NZGOLDHEALTH）,待确认,中英混合
165,Vivaland,待确认,无法快速判断
166,高活コウカツ,待确认,中英混合
167,Les sacs Adam,待确认,无法快速判断
168,BRAGG,真洋牌,短名
169,黑酢家,待确认,中英混合
170,STEINBERG,待确认,无法快速判断
171,Bebilon,待确认,无法快速判断
172,MER BLEUE,待确认,无法快速判断
173,"沃尔克斯（Walkers）,FAMILIE",待确认,中英混合
174,TOMMY TRUCKER,待确认,无法快速判断
175,lucas' papaw remedies,待确认,无法快速判断
176,DVHNMK,疑似假洋牌,已核验
177,FINK STUDIO,待确认,无法快速判断
178,FRIIS-HOLM,待确认,无法快速判断
179,握手,待确认,中英混合
180,ThreeGeese,待确认,无法快速判断
181,JIUJA,真洋牌,短名
182,施密特世家（Schmitt Söhne）,待确认,中英混合
183,doddL,真洋牌,短名
184,么鳳士多（YIUFUNGSTORE）,待确认,中英混合
185,法兹（FineSky）,待确认,中英混合
186,Frontier Co-op,待确认,无法快速判断
187,OLOEY,真洋牌,短名
188,GREEN BELL,待确认,无法快速判断
189,"MONTES,THE ORIENT",真洋牌,多品牌
190,萬時發（M MAXLUCKY）,待确认,中英混合
191,双莲（Twin Lotus）,待确认,中英混合
192,KINGPOWER,待确认,无法快速判断
193,"Ausiki,银座美健（Ginza·BK）",待确认,中英混合
194,XJSGS,真洋牌,短名
195,milbon,待确认,无法快速判断
196,Lisozo,待确认,无法快速判断
197,Austin,待确认,无法快速判断
198,Yisop,真洋牌,短名
199,TOME BKOWAIE,待确认,无法快速判断
200,Sunsweet,待确认,无法快速判断
201,"Misiones de Rengo,Riporta",真洋牌,多品牌
202,Leypian,待确认,无法快速判断
203,HOXTON,待确认,无法快速判断
204,Vere Parker London,待确认,无法快速判断
205,"POLO WEAR SPORT,POLO WEAR",真洋牌,多品牌
206,POLO CLUB ENGLAND,待确认,无法快速判断
207,Casira Kaviar,待确认,无法快速判断
208,"LISM,LIIS",真洋牌,多品牌
209,LIIS,真洋牌,短名
210,Dudant,待确认,无法快速判断
211,CALYPSO,待确认,无法快速判断
212,Eres,真洋牌,短名
213,oein,真洋牌,短名
214,Wirpta,待确认,无法快速判断
215,"Homesee,LIIS",真洋牌,多品牌
216,TFNDATNH,疑似假洋牌,已核验
217,WVD,真洋牌,短名
218,SGJ,真洋牌,短名
219,"TOMMY TRUCKER,MAGIOPY",真洋牌,多品牌
220,"LISCN,LISM",真洋牌,多品牌
221,Whynot,真洋牌,已核验
222,MNSMIN,真洋牌,已核验
223,WELLS & CO,待确认,无法快速判断
224,COVA,真洋牌,短名
225,"LIIS,RUVWOZS",真洋牌,多品牌
226,NOSOYO,待确认,无法快速判断
227,Khwfjas,疑似假洋牌,已核验
228,AWACHI,待确认,无法快速判断
229,NOBLE AURA,待确认,无法快速判断
230,WOATI,真洋牌,短名
231,Ebonka,待确认,无法快速判断
232,"ONEDEW,SUNTTAUN",真洋牌,多品牌
233,Bramim,待确认,无法快速判断
234,LECEN,真洋牌,短名
235,SXMM,真洋牌,短名
236,"OLOEY,oein",真洋牌,多品牌
237,"LISI,LISM",真洋牌,多品牌
238,"NOSSKISS,Rewi",真洋牌,多品牌
239,ANYSMIC,待确认,无法快速判断
240,Thintime,待确认,无法快速判断
241,OEMG,真洋牌,短名
242,PAGKAVIO,待确认,无法快速判断
243,AIOSC,真洋牌,短名
244,LVLA,真洋牌,短名
245,RSY,真洋牌,短名
246,QQK,真洋牌,短名
247,EUGENE & CO.,待确认,无法快速判断
248,SUSTYLE,待确认,无法快速判断
249,ZKHE,真洋牌,短名
250,"OEMG,LISM",真洋牌,多品牌
251,EARTH MAMA,待确认,无法快速判断
252,DENTONSZHE,待确认,无法快速判断
253,MAGT,真洋牌,短名
254,AMATHLETE,待确认,无法快速判断
255,十四代,待确认,中英混合
256,"Reessy,TOMMY TRUCKER",真洋牌,多品牌
257,"美浓烧,美濃焼",待确认,中英混合
258,KK,真洋牌,短名
259,Ehangy,待确认,无法快速判断
260,ODYBIRD,待确认,无法快速判断
261,DATALAND,待确认,无法快速判断
262,Seiban,待确认,无法快速判断
263,"四万十川,荣光芳春",待确认,中英混合
264,EVERIO,待确认,无法快速判断
265,oeim,真洋牌,短名
266,"OEMG,OIMG",真洋牌,多品牌
267,TJQ,真洋牌,短名
268,"bb+ Baby Plus,WEMUG",真洋牌,多品牌
269,PHILIP B,待确认,无法快速判断
270,寧品匯,待确认,中英混合
271,BOHEMIA,待确认,无法快速判断
272,固洛克,待确认,中英混合
273,GoldenGobi,待确认,无法快速判断
274,"菊正宗,醉鲸",真洋牌,已知品牌
275,"黑牛（heiniu）,锅岛",待确认,中英混合
276,Selmark,待确认,无法快速判断
277,SOFI,真洋牌,短名
278,SODASAN,待确认,无法快速判断
279,"马爹利名士,轩尼诗",待确认,中英混合
280,Sailwind,待确认,无法快速判断
281,赞斯特,待确认,中英混合
282,TPZBWG,真洋牌,已核验
283,Lululun,待确认,无法快速判断
284,MOONY,真洋牌,短名
285,"NEW MO,LEXILIS",真洋牌,多品牌
286,"新发,NEW MO",待确认,中英混合
287,DIFANPU,待确认,无法快速判断
288,"OATSIDE,OATLY",真洋牌,多品牌
289,蒙特斯（MONTES）,待确认,中英混合
290,"AQUA BLOX,BLUE CAN",真洋牌,多品牌
291,ZUV,真洋牌,短名
292,"OEMG,柯准",待确认,中英混合
293,KUNDAL,待确认,无法快速判断
294,COOGI,真洋牌,短名
295,"菊正宗,遊穗",真洋牌,已知品牌
296,SUNTTAUN,待确认,无法快速判断
297,"切洛家族（BACCOLO）,星空莫斯卡托（Moscato d' Asti）",待确认,中英混合
298,Airmiuu,待确认,无法快速判断
299,TEKBER,待确认,无法快速判断
300,CUCB,真洋牌,短名
301,"哥伦布斯（COLUMBUS）,SHOEBOY`S",待确认,中英混合
302,澳爸厨房,待确认,中英混合
303,GRL,真洋牌,短名
304,Turkey Hill Sugarbush,待确认,无法快速判断
305,G7 COFFEE,待确认,无法快速判断
306,"世家兰铎（SegafredoZanetti）,拉瓦萨（LAVAZZA）",待确认,中英混合
307,SHEVEU,待确认,无法快速判断
308,玫丽素,待确认,中英混合
309,CHUCHU,待确认,无法快速判断
310,NEWMDER,待确认,无法快速判断
311,mollale,待确认,无法快速判断
312,"BACHA,ostte",真洋牌,多品牌
313,LURSON,待确认,无法快速判断
314,FARCOKO,待确认,无法快速判断
315,"LEXILIS,野付",待确认,中英混合
316,Perfect potion,待确认,无法快速判断
317,TAUPO PURE,待确认,无法快速判断
318,Ci,真洋牌,短名
319,QAISAR,待确认,无法快速判断
320,Kryolan,待确认,无法快速判断
321,爱敬（AEKYUNG）,待确认,中英混合
322,SOEOS,真洋牌,短名
323,"哈奴曼,SOFFELL",待确认,中英混合
324,"小李子（LEONARDO）,MACS",待确认,中英混合
325,"101CAFFE,AF 1870 SINCE 1870 ANTONIO FACCHIN",真洋牌,多品牌
326,"雨後の月,天美",待确认,中英混合
327,DOFANKIN,待确认,无法快速判断
328,"SUMDOY,SKISGEM",真洋牌,多品牌
329,EXPRESSIONS,待确认,无法快速判断
330,"CCOKIO,倍思雅（pixysart）",待确认,中英混合
331,OIZ,真洋牌,短名
332,Hero Baby,待确认,无法快速判断
333,"大塚制药,大正",待确认,中英混合
334,HOSIKA,待确认,无法快速判断
335,"SUNTTAUN,Rofagy",真洋牌,多品牌
336,"萨摩隼人,貴",待确认,中英混合
337,何太医（DR.HE）,待确认,中英混合
338,诺崔特（Natur Top）,待确认,中英混合
339,"NORGATE,Kurmitay",真洋牌,多品牌
340,Truefitt&Hill,待确认,无法快速判断
341,"撒隆,绿情蓓（naturebud）",待确认,中英混合
342,"嘉加玩具（Plus-plus）,fischertechnik",待确认,中英混合
343,拉薇（Lavera）,待确认,中英混合
344,"遊穗,樱正宗",待确认,中英混合
345,挑咖,待确认,中英混合
346,"锅岛,四万十川",待确认,中英混合
347,AWNL,真洋牌,短名
348,ROSIEN,待确认,无法快速判断
349,"科拿（Conaprole）,妙可（Mlekovita）",待确认,中英混合
350,Alpensalz,待确认,无法快速判断
351,"猛虎通关,金老虎",待确认,中英混合
352,"路特斯（LOTUS NYO）,COLIBRI",待确认,中英混合
353,"红印（Red seal）,red seal",待确认,中英混合
354,MIFIKO,待确认,无法快速判断
355,KINCHO,待确认,无法快速判断
356,"SINANO1,クロスタニン　藻類DHAカプセル",待确认,中英混合
357,BathSmell,待确认,无法快速判断
358,"LOVE,AFARE,BONZ",真洋牌,多品牌
359,克奈圃（Kneipp）,待确认,中英混合
360,‌JCPenney,待确认,无法快速判断
361,AuRtOP,待确认,无法快速判断
362,OUATE,真洋牌,短名
363,DU'IT,真洋牌,短名
364,PS. PRETTYSKIN.,真洋牌,已核验
365,"Mamba,二宝（Nimm2）",待确认,中英混合
366,纪思梵,待确认,中英混合
367,iFACE,真洋牌,短名
368,KoalaMan,待确认,无法快速判断
369,"OLJ,Rewi",真洋牌,多品牌
370,ning,真洋牌,短名
371,Artchic,待确认,无法快速判断
372,"WOPUKA,SEDATE",真洋牌,多品牌
373,YIVIKII,待确认,无法快速判断
374,lavy,真洋牌,短名
375,PELLER ESTATES,待确认,无法快速判断
376,BRUNO,真洋牌,短名
377,Oli6,真洋牌,短名
378,卡洛塔妮,待确认,中英混合
379,OVZ,真洋牌,短名
380,MUTO,真洋牌,短名
381,SACELLEC BEAUTE,待确认,无法快速判断
382,Aromat Herbs,待确认,无法快速判断
383,Hansen Living,待确认,无法快速判断
384,IN ESSENCE,待确认,无法快速判断
385,"燃力士,PRIME",待确认,中英混合
386,"尊马油,Dr.Select",待确认,中英混合
387,"NUDE努德,田岛硝子",待确认,中英混合
388,AIRBUGGY,待确认,无法快速判断
389,oocoo,真洋牌,短名
390,VITALESSENTIALS,待确认,无法快速判断
391,"Cornette,伊段（ＹＩＤＵＡＮ）",待确认,中英混合
392,"秀凤,龟泉",待确认,中英混合
393,新生命凝胶,待确认,中英混合
394,Henhut,待确认,无法快速判断
395,CuteAngel,待确认,无法快速判断
396,"PRIME,森永（Morinaga）",待确认,中英混合
397,"黑龙,大嶺（Ohmine）",待确认,中英混合
398,"残響,十四代",待确认,中英混合
399,Indolen,待确认,无法快速判断
400,MONDIAL 1908,待确认,无法快速判断
401,SKATER,待确认,无法快速判断
402,宝罗丝丹（BONOSIDAN）,待确认,中英混合
403,Aspinal of london,待确认,无法快速判断
404,SHOPQA,待确认,无法快速判断
405,"101CAFFE,INSIUM",真洋牌,多品牌
406,"秀凤,卧龙梅",待确认,中英混合
407,ARCHCAFE,待确认,无法快速判断
408,NOIROT,待确认,无法快速判断
409,venTa,真洋牌,短名
410,Mrs Rogers,待确认,无法快速判断
411,valeve,待确认,无法快速判断
412,Aldente,待确认,无法快速判断
413,"Alter Schwede,SCILIO",真洋牌,多品牌
414,蔻吉,待确认,中英混合
415,Boyer,真洋牌,短名
416,KINU,真洋牌,短名
417,"QUATTROCIOCCHI,DECARLO MASTRI OLEARI DAL 1600",真洋牌,多品牌
418,sesderma,待确认,无法快速判断
419,"Lamisil cream,Healthy Care",真洋牌,已知品牌
420,Yowwa,真洋牌,短名
421,mling,真洋牌,短名
422,"vieruodis,GOLF MADAM",真洋牌,多品牌
423,NOFROM,待确认,无法快速判断
424,GH GREAT HOUSE,待确认,无法快速判断
425,TaubeChing,待确认,无法快速判断
426,UGLI,真洋牌,短名
427,SKISGEM,待确认,无法快速判断
428,coulomb,待确认,无法快速判断
429,"TINME,摩飞电器（Morphyrichards）",待确认,中英混合
430,BURGESS,待确认,无法快速判断
431,AMINAVAST,待确认,无法快速判断
432,"SAVANNA ORCHARDS,KINGPOWER",真洋牌,多品牌
433,Meili Nature,待确认,无法快速判断
434,"白恋人,木徳神糧",待确认,中英混合
435,"力保健（Lipovitan）,魔爪（Monster）",待确认,中英混合
436,MOCCSOCC,待确认,无法快速判断
437,RNTOU,真洋牌,短名
438,"GLGFAS,Camelstory",真洋牌,已知品牌
439,泓乐（Holle）,待确认,中英混合
440,MOKITOUL,待确认,无法快速判断
441,LBW,真洋牌,短名
442,Easy rest,待确认,无法快速判断
443,Simply Organic,待确认,无法快速判断
444,SEAKISS,待确认,无法快速判断
445,SUMDOY,待确认,无法快速判断
446,SUN ZAPPER,待确认,无法快速判断
447,SEDATE,待确认,无法快速判断
448,"Blue Bottle Coffee,拉瓦萨（LAVAZZA）",待确认,中英混合
449,baszicare,待确认,无法快速判断
450,"斐泉（fiji）,芙丝（VOSS）",待确认,中英混合
451,"雪本诗,维蕾德（WELEDA）",待确认,中英混合
452,"拉薇（Lavera）,101CAFFE",待确认,中英混合
453,"KIENINGER,霍华德·米勒",待确认,中英混合
454,APoEM,真洋牌,短名
455,"拉瓦萨（LAVAZZA）,BACHA",待确认,中英混合
456,Mesion,待确认,无法快速判断
457,"JTC,デイフィット",真洋牌,多品牌
458,"伴宝乐（Babybio）,佳丽雅（Gallia）",待确认,中英混合
459,第一三共,待确认,中英混合
460,Coolkiss,待确认,无法快速判断
461,KRYOLAN,待确认,无法快速判断
462,Treesymbol,待确认,无法快速判断
463,Renova,待确认,无法快速判断
464,美丽蓓菲,待确认,中英混合
465,Andwarm,待确认,无法快速判断
466,PARRS,真洋牌,短名
467,"Nutiva,dost",真洋牌,多品牌
468,"Mama&Kids,天然有机彩妆（naturaglacé）",待确认,中英混合
469,"SWIMS,SKIMS",真洋牌,多品牌
470,LANLVX,疑似假洋牌,已核验
471,South Pacific Salt,待确认,无法快速判断
472,"麦卡伦（MACALLAN）,马爹利名士",待确认,中英混合
473,Qsimelr,待确认,无法快速判断
474,"红印（Red seal）,美丽诺（Merino）",待确认,中英混合
475,Losoki,待确认,无法快速判断
476,CHIAYINS,待确认,无法快速判断
477,"South Pacific Salt,SOEOS",真洋牌,多品牌
478,"云雾之湾,野格（Jagerneister）",待确认,中英混合
479,牛栏（Cow&Gate）,待确认,中英混合
480,Bubs,真洋牌,短名
481,LONGTAKE,待确认,无法快速判断
482,"小红帽（Julius Meinl）,Segafredo",待确认,中英混合
483,La Pavoni,待确认,无法快速判断
484,圣元（Synutra）,待确认,中英混合
485,雅蔻（ARTDECO）,待确认,中英混合
486,"BLACK SOUL COFFEE,MOKADOR",真洋牌,多品牌
487,JAADE,真洋牌,短名
488,Noodle & Boo,待确认,无法快速判断
489,摩可纳（Moccona）,待确认,中英混合
490,贝臣（Bübchen）,待确认,中英混合
491,EWKELITE,待确认,无法快速判断
492,"CAMELICIOUS,AL AIN",真洋牌,多品牌
493,novalac,待确认,无法快速判断
494,INSIUM,待确认,无法快速判断
495,益周适（PARODONTAX）,待确认,中英混合
496,ROYOU,真洋牌,短名
497,"ORUNCUER,KLRA",真洋牌,多品牌
498,GURKHA PROTEC,待确认,无法快速判断
499,德运（Devondale）,待确认,中英混合
500,"HARMONIA ·FAITH,白井田七",待确认,中英混合
501,海娜,待确认,中英混合
502,家宝素（Carbroso）,待确认,中英混合
503,泡泡玉,待确认,中英混合
504,宝贝与我（Arla）,待确认,中英混合
505,农心（NONGSHIM）,待确认,中英混合
506,生鲜本能（instinct）,待确认,中英混合
507,"SANOTINT,nature bud",真洋牌,多品牌
508,"NUTRISOURCE,生鲜本能（instinct）",待确认,中英混合
509,NUTRISOURCE,待确认,无法快速判断
510,芭乐雅（Balea）,待确认,中英混合
511,"秀雅韩（Sooryehan）,LONGTAKE",待确认,中英混合
512,YERENTANG,待确认,无法快速判断
513,吾诺（UNO）,待确认,中英混合
514,Easevia,待确认,无法快速判断
515,"Nutiva,MANITOBA MILLING CO.",真洋牌,多品牌
516,"COLLI EUGANEI,飞葡",待确认,中英混合
517,EGW,真洋牌,短名
518,思贝格（Seeberger）,待确认,中英混合
519,"贝尼诗（Beanies）,ostte",待确认,中英混合
520,Wishine,待确认,无法快速判断
521,体吉（TIGI）,待确认,中英混合
522,CALVIAKRIM,待确认,无法快速判断
523,"爱诗魅（LABORATOIRE DERMATOLOGIQUE ACM）,Malin+Goetz",待确认,中英混合
524,"蜜浓（MINON）,hiritu",待确认,中英混合
525,"吉拉（JURA）,艾伦（Arran）",待确认,中英混合
526,YILLER,待确认,无法快速判断
527,"鲁臣世家庄园（Chateau Rauzan Segla）,滴金庄园",待确认,中英混合
528,"WATUS,Derlla",真洋牌,多品牌
529,"Tommee Tippee,Nestle",真洋牌,已知品牌
530,爱德兰丝（Aderans）,待确认,中英混合
531,"Dermaroller,XCELLARISPRO",真洋牌,多品牌
532,效力多,待确认,中英混合
533,"NANAMICA,BEAMS",真洋牌,多品牌
534,"乐天（LOTTE）,理本（Ribon）",待确认,中英混合
535,PRORASO,待确认,无法快速判断
536,EDWIN JAGGER,待确认,无法快速判断
537,"SWANSON,life extension",真洋牌,多品牌
538,Masata,待确认,无法快速判断
539,saindak,待确认,无法快速判断
540,DimairT,待确认,无法快速判断
541,MATCHAFUL,待确认,无法快速判断
542,"TRANACIX,BIOTOPIX",真洋牌,多品牌
543,SELMEL,待确认,无法快速判断
544,TANVEER SALT,待确认,无法快速判断
545,"艾帝达姆（INEDIT DAMM）,维森（Weihenstephaner）",待确认,中英混合
546,"DOMIAMIA,迪士尼（Disney）",待确认,中英混合
547,Allowish,待确认,无法快速判断
548,"Jack N' Jill,femfresh",真洋牌,多品牌
549,Babix,真洋牌,短名
550,"SABORJAMON,精元（JINGYUAN）",待确认,中英混合
551,"Tropical Fields,金宝乐（Golden Boronia）",待确认,中英混合
552,哲库林,待确认,中英混合
553,"铂金（PT）,佳迷（COERMY）",待确认,中英混合
554,"AVRIL,SunRype",真洋牌,多品牌
555,DR.ORACLE,待确认,无法快速判断
556,QIANLEE,待确认,无法快速判断
557,YSSKK,真洋牌,短名
558,betweena,待确认,无法快速判断
559,ReFa,真洋牌,短名
560,Sensatia,待确认,无法快速判断
561,REVISIS,待确认,无法快速判断
562,VISN,真洋牌,短名
563,Colongon,待确认,无法快速判断
564,"Outlier,STAUD BEAUTY",真洋牌,多品牌
565,"幻帝,诺奥",待确认,中英混合
566,加州宝宝（California baby）,待确认,中英混合
567,"泰谷（TAGUS）,艾帝达姆（INEDIT DAMM）",待确认,中英混合
568,"唯他可可（ALL MARKET）,彩響",待确认,中英混合
569,"纪梵哲GIVANZE,纪梵哲",待确认,中英混合
570,喜宝（HiPP）,待确认,中英混合
571,每日（Maeil）,待确认,中英混合
572,"Losoki,菊正宗",真洋牌,已知品牌
573,SIBERIAN WELLNESS,待确认,无法快速判断
574,"Oxeagle,斯旺森（SWANSON）",待确认,中英混合
575,白牡丹,待确认,中英混合
576,soffell,待确认,无法快速判断
577,WDW,真洋牌,短名
578,FMUKE,真洋牌,短名
579,MURUEL / 牧麗兒,待确认,中英混合
580,OVQ,真洋牌,短名
581,特福（Tefal）,待确认,中英混合
582,"星之卡比,面包超人 ANPANMAN",待确认,中英混合
583,PRIMAL,待确认,无法快速判断
584,Perspirex,待确认,无法快速判断
585,贺寿利（Healtheries）,待确认,中英混合
586,Lechepus,待确认,无法快速判断
587,ADVION,待确认,无法快速判断
588,"闻绮（Venchi）,patchi",真洋牌,已知品牌
589,NANOCARE,待确认,无法快速判断
590,德国世家（Dr.Hauschka）,待确认,中英混合
591,SOS,真洋牌,短名
592,STBRIN,疑似假洋牌,已核验
593,Dr.Nanna,待确认,无法快速判断
594,"银雫,银の雫",待确认,中英混合
595,"HAPPY VILLAGE,SUNNY FRUIT",真洋牌,多品牌
596,THINKBABY,待确认,无法快速判断
597,Cellevate 神幹美,待确认,中英混合
598,"爱薇牛（jersey）,BTNATURE",待确认,中英混合
599,利尻昆布,待确认,中英混合
600,OIMG,真洋牌,短名
601,ZHENMI,待确认,无法快速判断
602,"山崎（Yamazaki）,麦卡伦（MACALLAN）",待确认,中英混合
603,PUNOMO,待确认,无法快速判断
604,"喜宝（HiPP）,森宝（Semper）",待确认,中英混合
605,"芭乐雅（Balea）,艾薇德（Alverde）",待确认,中英混合
606,ANNY,真洋牌,短名
607,"博格步（BUGABOO）,karmababy",待确认,中英混合
608,MEVE,真洋牌,短名
609,"日出寿,VAPE",待确认,中英混合
610,"Gm,日本汉方",待确认,中英混合
611,真珠肌,待确认,中英混合
612,"四万十川,菊正宗",真洋牌,已知品牌
613,"Catz finefood,MJAMJAM",真洋牌,多品牌
614,"UNIMAT,Horbaach",真洋牌,多品牌
615,"其他家,Vital Essentials",待确认,中英混合
616,倩诗丽（CEZANNE）,待确认,中英混合
617,Nuilaa,待确认,无法快速判断
618,Only Organic,待确认,无法快速判断
619,Krauterhof,待确认,无法快速判断
620,"MAGIOPY,ANYSMIC",真洋牌,多品牌
621,NOUGAT,待确认,无法快速判断
622,"Dilab,PURELUXE",真洋牌,多品牌
623,aimeangel,待确认,无法快速判断
624,"木桐嘉棣（MOUTON CADET）,XD",待确认,中英混合
625,桃瑞丹,待确认,中英混合
626,哥伦布斯（COLUMBUS）,待确认,中英混合
627,"富山薬品,星睿肌（RECORE SERUM）",待确认,中英混合
628,LUMINEUX,待确认,无法快速判断
629,"克拉米伦庄园（Chateau Clerc Milon）,仓吉",待确认,中英混合
630,FRETTE,待确认,无法快速判断
631,"普瑞纳（PURINA）,德姆克",待确认,中英混合
632,"GAIA,Moccona",真洋牌,多品牌
633,"燃力士,ALPRO",待确认,中英混合
634,"若鹤,银雫",待确认,中英混合
635,"猛士（Moenchshof）,唯森",待确认,中英混合
636,RAID - BESKYT DIG OG DIN FAMILIE,待确认,无法快速判断
637,GLOW-LAB,待确认,无法快速判断
638,"玛尔斯（MARVIS）,SANOTINT",待确认,中英混合
639,"久保田（KUBOTA）,KONISHI",待确认,中英混合
640,"SAVANNA ORCHARDS,万多福",待确认,中英混合
641,BIOXSINE,待确认,无法快速判断
642,"BLESS,立喜乐（ORIHIRO）",待确认,中英混合
643,DNG,真洋牌,短名
644,"奥纯冠（Nature One Dairy）,喜宝（HiPP）",待确认,中英混合
645,"艾帝达姆（INEDIT DAMM）,泰谷（TAGUS）",待确认,中英混合
646,"法老传说（KARL'S SCEPTER）,VILLA MARIA",待确认,中英混合
647,HARNN,真洋牌,短名
648,"Bottega di LungaVita Natural Products,Bottega di LungaVita",真洋牌,多品牌
649,Bio Series,待确认,无法快速判断
650,松山油脂,待确认,中英混合
651,"吉尔斯图尔特（Jill Stuart）,凯朵（KATE）",待确认,中英混合
652,VRSUK,真洋牌,短名
653,"其他家,洋精灵",待确认,中英混合
654,"克斯阿苏尔,十四代",待确认,中英混合
655,"ABRAU,Jenke Vineyards",真洋牌,多品牌
656,Jackit,待确认,无法快速判断
657,POLO CLUB ORIGINAL,待确认,无法快速判断
658,"APCLAB,Le Tan",真洋牌,多品牌
659,"轩尼诗Hennessy,红旗沙",待确认,中英混合
660,"拉瓦萨（LAVAZZA）,David's Cookies",待确认,中英混合
661,珍殿,待确认,中英混合
662,Bonne,真洋牌,短名
663,造小社,待确认,中英混合
664,LUERLING,待确认,无法快速判断
665,SWINKELS FAMILY BREWERS,待确认,无法快速判断
666,zeinpharma,待确认,无法快速判断
667,Caprilac,待确认,无法快速判断
668,"Jenke Vineyards,世界名庄（Fine Wine）",待确认,中英混合
669,"NAPLA,milbon",真洋牌,多品牌
670,BUNNY NATURE,待确认,无法快速判断
671,顺峰宝宝,待确认,中英混合
672,"RIDESAFER,BUBBLE BUM",真洋牌,多品牌
673,"Natio,Healthy Care",真洋牌,已知品牌
674,"Naturata,bett'r GUILT FREE",真洋牌,多品牌
675,"昆庭（CHRISTOFLE）,KAGAMI",待确认,中英混合
676,"NROKEN,野口",待确认,中英混合
677,"柳宗理,NUDE努德",待确认,中英混合
678,"喜宝（HiPP）,Hero Baby",待确认,中英混合
679,"BTNature,Oli6",真洋牌,多品牌
680,"四万十川,沃尔克斯（Walkers）",待确认,中英混合
681,ALAK,真洋牌,短名
682,"POLIGRIP,FRUIT OF THE EARTH",真洋牌,多品牌
683,酷彩（Le Creuset）,待确认,中英混合
684,"德国汉堡（Hamburg-B）,港优",待确认,中英混合
685,LBR,真洋牌,短名
686,"哲库林,爱科博纳-燃酒灵（AlcoBurner）",待确认,中英混合
687,"NUTRISOURCE,PRIMAL",真洋牌,多品牌
688,PALOMA,待确认,无法快速判断
689,"亚发（AhHuat）,旧街场（OLDTOWN）",待确认,中英混合
690,日本叮叮,待确认,中英混合
691,"贝拉米（Bellamy's）,HERO BABY",待确认,中英混合
692,"焙可美（RBV-Birkmann）,MBA",待确认,中英混合
693,"菊正宗,惬而格林",真洋牌,已知品牌
694,"贝娜婷（Penaten）,Ajona",待确认,中英混合
695,"永润福,木桐嘉棣（MOUTON CADET）",待确认,中英混合
696,苏美（sumei）,待确认,中英混合
697,"日,Phoherb",待确认,中英混合
698,"Hero Baby,纽迪希亚（nutricia）",待确认,中英混合
699,"黑桃A（Armand de Brignac）,而今",待确认,中英混合
700,"HEALTH,KirkLand",真洋牌,多品牌
701,"GUM,GUM HYDRAL",真洋牌,多品牌
702,BIBZIZ,待确认,无法快速判断
703,SEMPER,待确认,无法快速判断
704,"BIOSUNN,NORSDOM",真洋牌,多品牌
705,BKAK,真洋牌,短名
706,DIRASS,待确认,无法快速判断
707,physiodose,待确认,无法快速判断
708,"Derlla,Gerllo",真洋牌,多品牌
709,"东字,三育",待确认,中英混合
710,KAGAMI,待确认,无法快速判断
711,希尔思Hill‘s,待确认,中英混合
712,OLLY,真洋牌,短名
713,"生鲜本能（instinct）,美士",待确认,中英混合
714,CUCCIO,待确认,无法快速判断
715,"生鲜本能（instinct）,NUTRISOURCE",待确认,中英混合
716,"Jack N' Jill,NATIO",真洋牌,多品牌
717,"NUDE努德,德运（Devondale）",待确认,中英混合
718,近江兄弟,待确认,中英混合
719,YAKTRAX,待确认,无法快速判断
720,特福芬（Topfer）,待确认,中英混合
721,IRANY,真洋牌,短名
722,"克雷蒙（Cranimals）,Natural Animal Solutions",待确认,中英混合
723,贝拉米（Bellamy's）,待确认,中英混合
724,"其他家,猛士（Moenchshof）",待确认,中英混合
725,DERMOXEN,待确认,无法快速判断
726,"磨栏风车（De Molen）,凡人Mortalis",待确认,中英混合
727,PORT BUDDY,待确认,无法快速判断
728,EIGHT AT THE GATE,待确认,无法快速判断
729,子母（DUTCH LADY）,待确认,中英混合
730,"燃力士,森永（Morinaga）",待确认,中英混合
731,"科拿（Conaprole）,Horizon Organic",待确认,中英混合
732,"XIKAR,COLIBRI",真洋牌,多品牌
733,"菊正宗,丽珍贝加尔",真洋牌,已知品牌
734,"高丝（Kose）,MA＆ME LATTE",待确认,中英混合
735,"沃尔克斯（Walkers）,鸟海誉",待确认,中英混合
736,"FANAWAY,LUCCI AIR",真洋牌,多品牌
737,ROCKMACHERIN,待确认,无法快速判断
738,"WESTGOLD,芝芙莲（GIFFARINE）",待确认,中英混合
739,"ZKHE,PLAYADITO",真洋牌,多品牌
740,"伦士度,晨洁（PURE）",待确认,中英混合
741,NOW FRESH,待确认,无法快速判断
742,"Wealthy Health,贝拉米（Bellamy's）",待确认,中英混合
743,Jack N' Jill,待确认,无法快速判断
744,"维佳善,阪聖",待确认,中英混合
745,"乡间生活（COUNTRY LIFE）,VENUS",待确认,中英混合
746,"Fertilix,Unisom",真洋牌,多品牌
747,"万宁;MANNINGS,海狗丸",待确认,中英混合
748,"Abtei,ABTEI",真洋牌,多品牌
749,"馬祖高粱酒（MATSU KAOLIANG LIQUOR）,金门高粱",待确认,中英混合
750,BTNature,待确认,无法快速判断
751,KHKN,真洋牌,短名
752,"BARON PHILIPPE BARON,靓次伯酒庄（CHATEAU LYNCH BAGES）",待确认,中英混合
753,"菊正宗,未来（VAPE）",真洋牌,已知品牌
754,"SWANSON,明治药品",待确认,中英混合
755,瑞一宝,待确认,中英混合
756,"NANOCARE,LUX",真洋牌,多品牌
757,瑚玛娜（Humana）,待确认,中英混合
758,INSRE,真洋牌,短名
759,"ORIHIRO,万宁;MANNINGS",待确认,中英混合
760,NUK,真洋牌,短名
761,MEXNIA,待确认,无法快速判断
762,"Melvados,LOVE,AFARE",真洋牌,多品牌
763,"Top life,Wealthy Health",真洋牌,多品牌
764,"朗森,ill corona",待确认,中英混合
765,狐狸爸爸,待确认,中英混合
766,小雅象,待确认,中英混合
767,"HARIO,NUDE努德",待确认,中英混合
768,"可口可乐（Coca Cola）,三得利Suntory",真洋牌,已知品牌
769,布朗博士,待确认,中英混合
770,"CALERIEHEALTH,VEAAG",真洋牌,多品牌
771,"Ladyfan,Fogair",真洋牌,多品牌
772,"恩特雷,Chobani",待确认,中英混合
773,"锅岛,极圣",待确认,中英混合
774,newmo,真洋牌,短名
775,RapidLash,待确认,无法快速判断
776,棕榄（PALMOLIVE）,待确认,中英混合
777,鱼尾丝（MERSILK）,待确认,中英混合
778,卡比（CANIDAE）,待确认,中英混合
779,白州,待确认,中英混合
780,SIERRA DE UTIEL,待确认,无法快速判断
781,STAREAR,待确认,无法快速判断
782,比那氏（Propolinse）,待确认,中英混合
783,"DONGWHA,DONGWHA PHARM",真洋牌,多品牌
784,朝日啤酒,待确认,中英混合
785,"Bosisto's,ENYA",真洋牌,多品牌
786,GGOM BELLE,待确认,无法快速判断
787,"ele,DU‘IT",真洋牌,多品牌
788,"SAWAKI,仓吉（KURAYOSHI）",待确认,中英混合
789,卡诗,待确认,中英混合
790,牛栏（bebilon）,待确认,中英混合
791,巴斯克（Los Vascos）,待确认,中英混合
792,cure,真洋牌,短名
793,卡蔓（Casmara）,待确认,中英混合
794,宝贝与我,待确认,中英混合
795,"乐呋,野付",待确认,中英混合
796,黛伦堡,待确认,中英混合
797,Mrudee,待确认,无法快速判断
798,"格兰纳里奇（GlenAllachie）,CITADELLE",待确认,中英混合
799,维蕾德（WELEDA）,待确认,中英混合
800,乐敦（ROHTO）,待确认,中英混合
801,So Acai,待确认,无法快速判断
802,Maxigenes,待确认,无法快速判断
803,MODAMODA,待确认,无法快速判断
804,"YOSHIKAWA,特福（Tefal）",待确认,中英混合
805,Original Sprout,待确认,无法快速判断
806,GLGFAS,真洋牌,已知品牌
807,潤樽,待确认,中英混合
808,little remedies,待确认,无法快速判断
809,伯特小蜜蜂（Burt's Bees）,待确认,中英混合
810,RYUN,真洋牌,短名
811,gli gli,待确认,无法快速判断
812,拉格德克（LAGEDEKE）,待确认,中英混合
813,怀尔德,待确认,中英混合
814,POLO GLOBAL LEAGUE,待确认,无法快速判断
815,"阿华田（Ovaltine）,澳洲",待确认,中英混合
816,"安格奥斯酒庄（Domaine Anne Gros）,卓龙梦特城堡（CHATEAU TROPLONG MONDOT）",待确认,中英混合
817,"NusaPure,pipingrock",真洋牌,多品牌
818,POKALEN,待确认,无法快速判断
819,"SIDERAL,WAXGREEN",真洋牌,多品牌
820,"华大（BGI）,21金维他健优",待确认,中英混合
821,"科拿（Conaprole）,德运（Devondale）",待确认,中英混合
822,FARMINA PET FOODS,待确认,无法快速判断
823,"珀莱雅双抗,DONNA",待确认,中英混合
824,Rosette,待确认,无法快速判断
825,"教士（Franziskaner）,丹麦蓝罐（Kjeldsens）",待确认,中英混合
826,"SHAWKEA,asahi",真洋牌,多品牌
827,"高丝（Kose）,dup",待确认,中英混合
828,"复轻园,Diiduk",待确认,中英混合
829,"MiniJumbuk,Unichi",真洋牌,多品牌
830,"PO PETROL OFISI,华夏堂",待确认,中英混合
831,"Primalg,Ruis Olimar",真洋牌,已知品牌
832,"四万十川,LORETTA",待确认,中英混合
833,RVIP,真洋牌,短名
834,"ORIENTAL KOPI,KEDAI KOPITIAM ORIENTAL KOPI",真洋牌,多品牌
835,AMPLEUR,待确认,无法快速判断
836,"大鼻子（BigPeat）,HELLYERS ROAD",待确认,中英混合
837,"斯莫吉,凯狮（CASS）",待确认,中英混合
838,"铁尺（tiechi）,SAVANNA ORCHARDS",待确认,中英混合
839,"德劳特沃（Gerolsteiner）,普雷克斯（Purex）",待确认,中英混合
840,"SEMPER,森宝（Semper）",待确认,中英混合
841,"Merino,Alpine Silk",真洋牌,多品牌
842,ADIEN,真洋牌,短名
843,"BTNature,BTNATURE",真洋牌,多品牌
844,"ORIHIRO,菓の道",待确认,中英混合
845,"Dariya,OTHER/其他",待确认,中英混合
846,patchi,待确认,无法快速判断
847,"Nature's Way,coromega",真洋牌,多品牌
848,EVA PRODUCTS,待确认,无法快速判断
849,"Ianys,LUCKY MONSTER",真洋牌,多品牌
850,LP LaPulovce,待确认,无法快速判断
851,"娥佩兰（OPERA）,马油（LOSHI）",待确认,中英混合
852,"pons,SIERRA DE UTIEL",真洋牌,多品牌
853,CHILDS FARM,待确认,无法快速判断
854,RAPPORT,待确认,无法快速判断
855,Karen Murrell,待确认,无法快速判断
856,"丽珍贝加尔,BONZ",待确认,中英混合
857,"NutriNest,SAOTHAIDUONG",真洋牌,多品牌
858,"Ajona,Arya-Laya",真洋牌,多品牌
859,Moihanr,待确认,无法快速判断
860,"Turkey Hill Sugarbush,MONGDIES",真洋牌,多品牌
861,"Svecymikov,Leypian",真洋牌,多品牌
862,Aqualan,待确认,无法快速判断
863,"洛神山庄,佳得美庄园（CH. CANTEMERLE ）",待确认,中英混合
864,QZEQZE,待确认,无法快速判断
865,"卡农酒庄（Chateau Canon）,白牡丹",待确认,中英混合
866,"阿舍食堂,XIN LONG YA TEA",待确认,中英混合
867,"NROKEN,WAXGREEN",真洋牌,多品牌
868,"New English Teas,BACHA",真洋牌,多品牌
869,NEUE,真洋牌,短名
870,"歌润,绽媄娅",待确认,中英混合
871,"AngelHeart,GARRACK",真洋牌,多品牌
872,"Refine,爱丽思（IRIS）",待确认,中英混合
873,哈根纽翠斯（NUTRIENCE）,待确认,中英混合
874,"PAPATYA,澳芝曼（G＆M）",待确认,中英混合
875,"保美雅（Promina）,Dentek",待确认,中英混合
876,"巨浪大切（EDOpack）,德运（Devondale）",待确认,中英混合
877,"小蓝瓶（TAKAMI）,Neck & Deco",待确认,中英混合
878,"Dariya,Preparation H",真洋牌,多品牌
879,"Maxigenes,Healthy Care",真洋牌,已知品牌
880,DEVIANCE,待确认,无法快速判断
881,"Caprilac,皮爷咖啡",待确认,中英混合
882,"保牌,Win Win",待确认,中英混合
883,"MY.ORGANICS,资生堂专业美发（SHISEIDO PROFESSIONAL）",待确认,中英混合
884,"格兰纳里奇（GlenAllachie）,遊穗",待确认,中英混合
885,"Turkey Hill Sugarbush,维蕾德（WELEDA）",待确认,中英混合
886,"三花（CARNATION）,白兰氏（Brands）",待确认,中英混合
887,"BARON PHILIPPE BARON,贝玛格雷（Bernard Magrez）",待确认,中英混合
888,"芭乐雅（Balea）,Dontodent",待确认,中英混合
889,"贝拉米（Bellamy's）,喜宝（HiPP）",待确认,中英混合
890,"Catz finefood,福摩（Fromm）",待确认,中英混合
891,"WESTGOLD,海特安可金卡露",待确认,中英混合
892,"Ajona,MARTINA GEBHARDT",真洋牌,多品牌
893,"Off&Relax,Naturie",真洋牌,多品牌
894,SUTRICON,待确认,无法快速判断
895,龙角散,待确认,中英混合
896,妙思乐（Mustela）,待确认,中英混合
897,"SWANSON,普丽普莱（Puritan's Pride）",待确认,中英混合
898,"安速（ARS）,ADVION",待确认,中英混合
899,TWO HANDS WINES,待确认,无法快速判断
900,"三养（SAMYANG）,日清",待确认,中英混合
901,"来发记,FRANCO'S",待确认,中英混合
902,"UNIMAT,pipingrock",真洋牌,多品牌
903,"惠宝（White Glo）,杰士派（GATSBY）",待确认,中英混合
904,SINFI,真洋牌,短名
905,"维蕾德（WELEDA）,芭乐雅（Balea）",待确认,中英混合
906,"NoBrand,一百份（cocoaland LOT100）",待确认,中英混合
907,"CLAYMORE,Jenke Vineyards",真洋牌,多品牌
908,"吉百利（CADBURY）,添爱尊尚咖啡（TNI KING COFFEE）",真洋牌,已知品牌
909,"Fox's,阿华田（Ovaltine）",待确认,中英混合
910,"德国华沙,野口",待确认,中英混合
911,"喜宝（HiPP）,茵缇玛（Intima）",待确认,中英混合
912,"livon labs,scenkan",真洋牌,多品牌
913,"ILEACH,KENTUCKY OWL",真洋牌,多品牌
914,Nutiva,待确认,无法快速判断
915,Cheri,真洋牌,短名
916,"PIG'S NOSE,SAWAKI",真洋牌,多品牌
917,"too faced,Tondi",真洋牌,多品牌
918,"睿嫣,妮塔莉雅（Nethallia）",待确认,中英混合
919,"戈博（GERBER）,MBARC",待确认,中英混合
920,"DOMAINE JEAN-LOUIS CHAVE,世界名庄（Fine Wine）",待确认,中英混合
921,"Rofagy,Rewi",真洋牌,多品牌
922,"CERVIDOR,NOW",真洋牌,多品牌
923,"小龙战舰,托布雷",待确认,中英混合
924,"MCM,Ameri-Vita",真洋牌,多品牌
925,"DANA ESTATES,拉蒙蒂耶（LARMANDIER-BERNIER）",待确认,中英混合
926,"铁尺（tiechi）,莱茵",待确认,中英混合
927,Lazy Society,待确认,无法快速判断
928,"澳洲,AOMEVOR",待确认,中英混合
929,"SNUGGLE,当妮（DOWNY）",待确认,中英混合
930,"贝娜婷（Penaten）,芭乐雅（Balea）",待确认,中英混合
931,C,真洋牌,短名
932,"NUDE努德,柳宗理",待确认,中英混合
933,"Glencadam,嘉伯乐（PAUL JABOULET AINE）",待确认,中英混合
934,"ICHENDORF,FANOLA",真洋牌,多品牌
935,"高丝（Kose）,ORIHIRO",待确认,中英混合
936,"武田薬品,Eisai",待确认,中英混合
937,"旭福益节,GRANVER",待确认,中英混合
938,"SAC'S BAR,kissora",真洋牌,多品牌
939,"OFF,意立诗 ELLIPS",待确认,中英混合
940,欧恩焙,待确认,中英混合
941,"New English Teas,新鳳鳴",待确认,中英混合
942,SIKANDER-E-AZAM,待确认,无法快速判断
943,"VetWiz,SEACODE",真洋牌,多品牌
944,"Bella B,bellab",真洋牌,多品牌
945,"Horizon Organic,德运（Devondale）",待确认,中英混合
946,"CAMELICIOUS,patchi",真洋牌,多品牌
947,Tahe,真洋牌,短名
948,Madonna,待确认,无法快速判断
949,BIOSSANCE,待确认,无法快速判断
950,RANCEAS,待确认,无法快速判断
951,沙芬（SAVINELLI）,待确认,中英混合
952,"楼上 樓上,楼上",待确认,中英混合
953,absolutearomas,待确认,无法快速判断
954,"scenkan,BANANA SHARK",真洋牌,多品牌
955,"product hair wax,Dariya",真洋牌,多品牌
956,"克拉米伦庄园（Chateau Clerc Milon）,白雪（PIPER-HEIDSIECK）",待确认,中英混合
957,"FRUIT KING,MADAME HENG",真洋牌,多品牌
958,"盖亚的秘密,樱菲清",待确认,中英混合
959,FIDQIOG,待确认,无法快速判断
960,"奥纯冠（Nature One Dairy）,贝拉米（Bellamy's）",待确认,中英混合
961,"Mini Babybel,乐芝牛",待确认,中英混合
962,"KISS YOU,爱丽思（IRIS）",待确认,中英混合
963,"秀雅韩（Sooryehan）,BIOHEAL BOH VITARETINOL",待确认,中英混合
964,"专心楼,Nutrition Care",待确认,中英混合
965,可瑞康（karicare）,待确认,中英混合
966,"Dariya,OFF",真洋牌,多品牌
967,"Certain Dri,GUM",真洋牌,多品牌
968,"上標油（SIANG PURE OIL）,Green Herb",待确认,中英混合
969,"教士（Franziskaner）,科罗娜",待确认,中英混合
970,"丝格德（Schogetten）,沃集鲜",待确认,中英混合
971,SAOTHAIDUONG,待确认,无法快速判断
972,"Dermaroller,Ajona",真洋牌,多品牌
973,"ANS,PRO-LIFE",真洋牌,多品牌
974,"HealthyCare,life extension",真洋牌,多品牌
975,"HENRI CHARPENTIER,BACHA",真洋牌,多品牌
976,"阿华田（Ovaltine）,Tropical Fields",待确认,中英混合
977,"Highland Shepherd Scotch whisky,Old Smitty's",真洋牌,多品牌
978,"吉拉（JURA）,托本莫瑞（TOBERMORY）",待确认,中英混合
979,Truelog,待确认,无法快速判断
980,"貝印,芭乐雅（Balea）",待确认,中英混合
981,"马膏 HERBAMEDICUS,劲爽",待确认,中英混合
982,"狄妮诗,正鲜",待确认,中英混合
983,"二宝（Nimm2）,哲库林",待确认,中英混合
984,"Milton,汤美天地（Tommee Tippee）",待确认,中英混合
985,MEDICURA,待确认,无法快速判断
986,"SHEVEU,GOAT",真洋牌,多品牌
987,TOKAJI,待确认,无法快速判断
988,AVALON,待确认,无法快速判断
989,雄鸡标（AYAM BRAND）,待确认,中英混合
990,"EGO,QV",真洋牌,多品牌
991,"孤独摇滚,一拳超人",待确认,中英混合
992,"ABTEI,Compound W",真洋牌,多品牌
993,茵葩兰（ENPRANI）,待确认,中英混合
994,"Tondi,颐莲（RELLET）",待确认,中英混合
995,"SHEVEU,麦迪安（Median）",待确认,中英混合
996,MOETA,真洋牌,短名
997,"BLANCO,Montana West",真洋牌,已知品牌
998,"TO-PLAN,RD",真洋牌,多品牌
999,"Dariya,DM S-QUITO FREE",真洋牌,多品牌
1000,Weelott,待确认,无法快速判断
1001,"珀莱雅双抗,非常丸美",待确认,中英混合
1002,"樱之素,三佳利（Sangaria）",待确认,中英混合
1003,"SOFFEL,未来（VAPE）",待确认,中英混合
1004,新鳳鳴,待确认,中英混合
1005,堡歌家族酒庄（Burge Family Winemaker）,待确认,中英混合
1006,"Le Tan,KARYTHA",真洋牌,多品牌
1007,"小熊糖（L'il critters）,MegaRed",待确认,中英混合
1008,"鲁臣世家庄园（Chateau Rauzan Segla）,靓茨伯（Chateau Lynch-Bages）",待确认,中英混合
1009,"爱丽思（IRIS）,baby smile",待确认,中英混合
1010,"CCOKIO,Le Petit Olivier",真洋牌,多品牌
1011,"高丝（Kose）,Malin+Goetz",待确认,中英混合
1012,"OTHER/其他,杰士派（GATSBY）",待确认,中英混合
1013,"伊藤园（ITOEN）,日清（NISSIN）",待确认,中英混合
1014,"Dariya,THE LAUNDRESS",真洋牌,多品牌
1015,"Body Attack,Biox Performance Nutrition",真洋牌,多品牌
1016,"杰士派（GATSBY）,碧缇丝（batiste）",待确认,中英混合
1017,"高丝（Kose）,Rosette",待确认,中英混合
1018,miracle baby,待确认,无法快速判断
1019,"Compound W,惠宝（White Glo）",待确认,中英混合
1020,"黛伦堡,世界名庄（Fine Wine）",待确认,中英混合
1021,"ziaja,ALM COSMELICS",真洋牌,多品牌
1022,叙娅摩根,待确认,中英混合
1023,"THE WILD GEESE,PROPER TWELVE",真洋牌,多品牌
1024,LACALUT,待确认,无法快速判断
1025,CHARIANO,待确认,无法快速判断
1026,"牛乳石硷,LUCAS' PAPAW CREAM",待确认,中英混合
1027,K9 Natural,待确认,无法快速判断
1028,"桃乐丝（Torres）,格兰纳里奇（GlenAllachie）",待确认,中英混合
1029,"舒可薇（ScarAway）,霓净思（Neogence）",待确认,中英混合
1030,47,待确认,无法快速判断
1031,"OFF,小熊糖（L'il critters）",待确认,中英混合
1032,迪士尼（Disney）,待确认,中英混合
1033,"缤若诗,INFINITY KOSE",待确认,中英混合
1034,原知因,待确认,中英混合
1035,"Nature's Way,HEALTHY CARE",真洋牌,已知品牌
1036,Eleytele,待确认,无法快速判断
1037,剑匠零,待确认,中英混合
1038,"高丝（Kose）,OTHER/其他",待确认,中英混合
1039,"朝日（Asahi）,三宝乐Sapporo",待确认,中英混合
1040,"生鲜本能（instinct）,纽顿（Nutram Number）",待确认,中英混合
1041,"东拓,芭乐雅（Baleya）",待确认,中英混合
1042,"巴慕达（BALMUDA）,夏普",待确认,中英混合
1043,CAPTAIN FAWCETT,待确认,无法快速判断
1044,"XIKAR,ELIE BLEU",真洋牌,多品牌
1045,"Biowell,BECHI",真洋牌,多品牌
1046,"牛乳石硷,SHEVEU",待确认,中英混合
1047,"ABTEI,PLIFT",真洋牌,多品牌
1048,"SUQQU,CHARLOTTE TILBURY（CT）",真洋牌,多品牌
1049,"高丝（Kose）,RISM",待确认,中英混合
1050,"AG,JOLI",真洋牌,多品牌
1051,"SWANSON,asahi",真洋牌,多品牌
1052,"Dariya,Refine",真洋牌,多品牌
1053,"睿嫣,Dariya",待确认,中英混合
1054,"雅葵,Dariya",待确认,中英混合
1055,贝亲彩,待确认,中英混合
1056,"丝丽诺妃,Dariya",待确认,中英混合
1057,"大马赞赞来,CA KD",待确认,中英混合
1058,"VITAL QI,维特健灵",待确认,中英混合
1059,MASAI MARA,待确认,无法快速判断
1060,"VINACAFE,中原（TRUNG NGUYEN）",待确认,中英混合
1061,璞医香（Puressentiel）,待确认,中英混合
1062,安满（ANMUM）,待确认,中英混合
1063,皮爷咖啡,待确认,中英混合
1064,"WALDEN FARMS,KAI Brand",真洋牌,多品牌
1065,"贝拉米（Bellamy's）,德运（Devondale）",待确认,中英混合
1066,VITALP,待确认,无法快速判断
1067,florena,待确认,无法快速判断
1068,DONG XIANG ZUI 東香醉,待确认,中英混合
1069,我的美麗日記,待确认,中英混合
1070,"金门金牌一条根,金门一条根",待确认,中英混合
1071,SABORJAMON,待确认,无法快速判断
1072,"KENTUCKY OWL,Seagram's",真洋牌,多品牌
1073,"菊正宗,FANOLA",真洋牌,已知品牌
1074,NEWBY,真洋牌,短名
1075,"Colongon,贝臣（Bübchen）",待确认,中英混合
1076,VAGIVAL,待确认,无法快速判断
1077,"SUTRICON,Ausiki",真洋牌,多品牌
1078,"Caprilac,Two cows",真洋牌,多品牌
1079,optima natura,待确认,无法快速判断
1080,"保美雅（Promina）,Lucky Trendy",待确认,中英混合
1081,Cliganic,待确认,无法快速判断
1082,"桃乐丝（Torres）,埃德拉多尔（EDRADOUR）",待确认,中英混合
1083,"雅葵,GUM",待确认,中英混合
1084,Revium,待确认,无法快速判断
1085,"GLYSOLID,Dariya",真洋牌,多品牌
1086,"卡慕（CAMUS）,人头马",待确认,中英混合
1087,"波路梦（Bourbon）,能多益（Ferrero Nutella）",待确认,中英混合
1088,"格兰纳里奇（GlenAllachie）,高地女王（HIGHLAND QUEEN）",待确认,中英混合
1089,"PERDAYS,阿莫菲克（AMORPHICAL）",待确认,中英混合
1090,"Frosch,Ka",真洋牌,多品牌
1091,"高丝（Kose）,保美雅（Promina）",待确认,中英混合
1092,"THE LAUNDRESS,雅葵",待确认,中英混合
1093,"EXACTING,玛丽安保莱（MARIANNEBOLLE）",待确认,中英混合
1094,sxa,真洋牌,短名
1095,"贝拉米（Bellamy's）,Bubs",待确认,中英混合
1096,"玛尔斯（MARVIS）,兰诺（Lenor）",待确认,中英混合
1097,"jBp,HABA",真洋牌,多品牌
1098,"Amino mason,亲皙（ARAU）",待确认,中英混合
1099,"奥纯冠（Nature One Dairy）,艾优睿",待确认,中英混合
1100,"ROSEFEN,李施德林 LISTERINE",待确认,中英混合
1101,"味霸,白色恋人",待确认,中英混合
1102,"Dariya,SCHOENENBERGER",真洋牌,多品牌
1103,"KWGO,ROYAL PALM POLO SPORTS CLUB",真洋牌,多品牌
1104,"Tommee Tippee,VANICREAM",真洋牌,多品牌
1105,"阿佩辛,KUJIRA",待确认,中英混合
1106,百乐满（Paloma）,待确认,中英混合
1107,Zonsmo,待确认,无法快速判断
1108,"皮爷咖啡,莱家（LOACKER）",真洋牌,已知品牌
1109,"贝拉米（Bellamy's）,海普诺凯1897（Hyprocal1897）",待确认,中英混合
1110,"Remeo,Little Moons",真洋牌,多品牌
1111,"高丝（Kose）,菊正宗",真洋牌,已知品牌
1112,"贝拉米（Bellamy's）,Caprilac",待确认,中英混合
1113,"三花（CARNATION）,BYA,บี วาย เอ",待确认,中英混合
1114,"山崎（Yamazaki）,云顶（SpringBank）",待确认,中英混合
1115,suremoco,待确认,无法快速判断
1116,臻护新苼,待确认,中英混合
1117,牛乳石硷,待确认,中英混合
1118,Polo Sud,待确认,无法快速判断
1119,"极地双头鹰,轩尼诗",待确认,中英混合
1120,"城愿,清妍萃",待确认,中英混合
1121,"高丝（Kose）,巴黎欧莱雅沙龙专属（L'OREAL PROFESSIONNEL PARIS）",待确认,中英混合
1122,"波路梦（Bourbon）,味霸",待确认,中英混合
1123,"切瑞蒂（CERRUTI）,Malin+Goetz",待确认,中英混合
1124,"GLGFAS,SPRING SHEEP",真洋牌,已知品牌
1125,kuvive,待确认,无法快速判断
1126,"JOLI,GEV",真洋牌,多品牌
1127,Markos,待确认,无法快速判断
1128,"BEC,HerbSense",真洋牌,多品牌
1129,"贝拉米（Bellamy's）,森宝（Semper）",待确认,中英混合
1130,"格兰纳里奇（GlenAllachie）,The Broody Hen",待确认,中英混合
1131,"珊珂,BOTANIST",待确认,中英混合
1132,"艾天然（Attenir）,皇后的秘密",待确认,中英混合
1133,"安瓶（CEMOY）,朱栈（red chamber）",待确认,中英混合
1134,"milbon,Prokudent",真洋牌,多品牌
1135,"娥佩兰（OPERA）,阿姿美尔",待确认,中英混合
1136,"NUDE努德,ICHENDORF",待确认,中英混合
1137,金门高粱,待确认,中英混合
1138,巧可美（chocoMe）,待确认,中英混合
1139,薇姿（VICHY）,待确认,中英混合
1140,魔爪（Monster）,待确认,中英混合
1141,莫兰卡（MOROKA）,待确认,中英混合
1142,"瑞微拂（RE VIVE）,利维肤（Revive）",待确认,中英混合
1143,EXOTIC NUTRITION,待确认,无法快速判断
1144,PDPAOLA,待确认,无法快速判断
1145,高培（GoldMax）,待确认,中英混合
1146,马油（LOSHI）,待确认,中英混合
1147,"NINJA,La Pavoni",真洋牌,多品牌
1148,澳美皙（CancerCouncil）,待确认,中英混合
1149,"高丝（Kose）,华雪（Hanayuki）",待确认,中英混合
1150,"尼德堡,CHATEAU BEAUMONT",待确认,中英混合
1151,"跨境进口（CNEUlogistics）,巴斯洛漫",待确认,中英混合
1152,"惠宝（White Glo）,汤姆小屋",待确认,中英混合
1153,ROYCE',真洋牌,短名
1154,LAVKIDS,待确认,无法快速判断
1155,"白色恋人,LETAO NOSTALGIC MODERN. NORTHERN SWEETS MANNER",真洋牌,已知品牌
1156,"宜丽客（ELECOM）,aiwa",待确认,中英混合
1157,"三宝乐Sapporo,三得利(SUNTORY）",待确认,中英混合
1158,"高丝（Kose）,COW",待确认,中英混合
1159,"Glencadam,罗曼湖",待确认,中英混合
1160,"麦卡伦（MACALLAN）,唐胡里奥",待确认,中英混合
1161,"montesano,小何赛",待确认,中英混合
1162,"鹰标,便利妥（BANITORE）",待确认,中英混合
1163,"T-FAL,WAHEI FREIZ",真洋牌,多品牌
1164,"TRANSPARENT,美诺（MIELE）",待确认,中英混合
1165,"HEALTHY CARE,EVA",真洋牌,已知品牌
1166,"Hold live,LOSOKI",真洋牌,多品牌
1167,百胜厨,待确认,中英混合
1168,CHANDLER,待确认,无法快速判断
1169,PSITTACUS,待确认,无法快速判断
1170,"BTNature,莫兰卡（MOROKA）",待确认,中英混合
1171,"566,耐斯澎澎",待确认,中英混合
1172,"KENTUCKY OWL,SAWAKI",真洋牌,多品牌
1173,阿里山瑪翡台灣咖啡,待确认,中英混合
1174,"Vaseline,LIFE-FLO",真洋牌,多品牌
1175,"Dariya,QB",真洋牌,多品牌
1176,"海普诺凯1897（Hyprocal1897）,喜宝（HiPP）",待确认,中英混合
1177,carari,待确认,无法快速判断
1178,"乐屯（Happy Village）,优古母",待确认,中英混合
1179,"SFSP,英微（IN&VI）",待确认,中英混合
1180,"德劳特沃（Gerolsteiner）,晶杰",待确认,中英混合
1181,"福山田舍,李小陳",待确认,中英混合
1182,"贝拉米（Bellamy's）,安满（ANMUM）",待确认,中英混合
1183,"Refine,菊正宗",真洋牌,已知品牌
1184,"博格步（BUGABOO）,Orbit Baby",待确认,中英混合
1185,"Nutrition Care,Unichi",真洋牌,多品牌
1186,"哈奴曼,芝芙莲（GIFFARINE）",待确认,中英混合
1187,"FOR BECARED ONE,内廷上用",待确认,中英混合
1188,"Dramamine,Preparation H",真洋牌,多品牌
1189,"格兰纳里奇（GlenAllachie）,布纳哈本（bunnahabhain）",待确认,中英混合
1190,"高丝（Kose）,Dariya",待确认,中英混合
1191,"珀莱雅双抗,绿色溪谷",待确认,中英混合
1192,"沃集鲜,泰谷（TAGUS）",待确认,中英混合
1193,"Dariya,DUOFILM",真洋牌,多品牌
1194,"大塚,LeTAO",待确认,中英混合
1195,"路易老爷（Louis Royer）,奔富",待确认,中英混合
1196,YHKCARE,待确认,无法快速判断
1197,"贝里麦德维熊牌,莞岛虾牌",待确认,中英混合
1198,MONOPRICE,待确认,无法快速判断
1199,"希尔思Hill‘s,NOW FRESH",待确认,中英混合
1200,"NANNYCARE,CANADA DRY",真洋牌,多品牌
1201,"WHITE HORSE,Seagram's",真洋牌,多品牌
1202,"钰俏伊人  YUQIAO LOVER,秀媛丽",待确认,中英混合
1203,"BY.ARTISANS,PUREDIVINE",真洋牌,多品牌
1204,"德运（Devondale）,Pearlbe",待确认,中英混合
1205,"秩父,本坊酒造",待确认,中英混合
1206,DX,真洋牌,短名
1207,"玫丽盼,牛乳石碱（COW）",待确认,中英混合
1208,布加迪（BONEST GATTI）,待确认,中英混合
1209,"THE WHISKYFIND,MONTES",真洋牌,多品牌
1210,"高丝（Kose）,巧虎",待确认,中英混合
1211,"Ianys,爱丽小屋",待确认,中英混合
1212,"喜宝（HiPP）,ZWITSAL",待确认,中英混合
1213,"SNUGGLE,THE LOMB",真洋牌,多品牌
1214,"所望（SOMANG）,三井",待确认,中英混合
1215,"十四代,响（Hibiki）",待确认,中英混合
1216,"柳宗理,FANOLA",待确认,中英混合
1217,"珀莱雅双抗,Dariya",待确认,中英混合
1218,"FANCL HealthScience,pipingrock",真洋牌,多品牌
1219,"Dariya,高丝（Kose）",待确认,中英混合
1220,Edick,真洋牌,短名
1221,"GrandoldParr,吉拉（JURA）",待确认,中英混合
1222,佳丽雅（Gallia）,待确认,中英混合
1223,"BTNature,Nature Loop",真洋牌,多品牌
1224,"维蕾德（WELEDA）,贝拉米（Bellamy's）",待确认,中英混合
1225,"金鸟（KINCHO）,DU‘IT",待确认,中英混合
1226,TeaWG,真洋牌,短名
1227,"LORETTA,BLEMIL",真洋牌,多品牌
1228,"Caprilac,BTNature",真洋牌,多品牌
1229,"Lady Speed Stick,Secret",真洋牌,多品牌
1230,西特兰（Chateau Citran）,待确认,中英混合
1231,"格兰纳里奇（GlenAllachie）,埃德拉多尔（EDRADOUR）",待确认,中英混合
1232,"Oli6,可瑞康（karicare）",待确认,中英混合
1233,"蝶美,杜润",待确认,中英混合
1234,"TA,PLIFT",真洋牌,多品牌
1235,"Rosette,GUM",真洋牌,多品牌
1236,"米皇后（Mihwanghoo）,发滋然",待确认,中英混合
1237,"贝拉米（Bellamy's）,康维他(Comvita)",待确认,中英混合
1238,femfresh,待确认,无法快速判断
1239,AgDEO24,真洋牌,短名
1240,"喜宝（HiPP）,EGO",待确认,中英混合
1241,宇津,待确认,中英混合
1242,NIZORAL,待确认,无法快速判断
1243,大门（DAIMON）,待确认,中英混合
1244,MODU'I,真洋牌,短名
1245,福而可（FUEKI）,待确认,中英混合
1246,GLYSOMED加素美,待确认,中英混合
1247,eimele,待确认,无法快速判断
1248,"牛乳石硷,SAWYER",真洋牌,已知品牌
1249,"pipingrock,TRU NIAGEN",真洋牌,多品牌
1250,贝娜婷（Penaten）,待确认,中英混合
1251,"Klosterfrau,Healthy Care",真洋牌,已知品牌
1252,Don Quitto,待确认,无法快速判断
1253,活力媽媽,待确认,中英混合
1254,JinBei,待确认,无法快速判断
1255,kingnature,待确认,无法快速判断
1256,Sri Sri TATTVA stylized,待确认,无法快速判断
1257,BEAMS PLUS,待确认,无法快速判断
1258,"Farmstay,澳芝曼（G＆M）",待确认,中英混合
1259,"伯特小蜜蜂,VANICREAM",待确认,中英混合
1260,"なまうめあめ 生梅飴,Prairie Farms",待确认,中英混合
1261,"Caprilac,Bubs",真洋牌,多品牌
1262,"annadonna,柳屋",待确认,中英混合
1263,"果本（gooben）,INCELLDERM",待确认,中英混合
1264,"伦士度,娜丽丝",待确认,中英混合
1265,"怪兽8号,MEGAHOUSE MH",待确认,中英混合
1266,"路易老爷（Louis Royer）,麦卡伦（MACALLAN）",待确认,中英混合
1267,"RAPAS,cellpure",真洋牌,多品牌
1268,"托本莫瑞（TOBERMORY）,十四代",待确认,中英混合
1269,"宜可诚（Ecostore）,SODASAN",待确认,中英混合
1270,"百毒下,尊马油",待确认,中英混合
1271,"SUSTYLE,Outlier",真洋牌,多品牌
1272,"东方宝石（Tesori D’oriente）,Ka",待确认,中英混合
1273,"EIOGR,paugila",真洋牌,多品牌
1274,"ETVOS,PAUL&JOE",真洋牌,多品牌
1275,"其他家,PETSMILE",待确认,中英混合
1276,"玛福莱,KAPITI",待确认,中英混合
1277,"优斐斯（uface）,SAKIRANA",待确认,中英混合
1278,"DIKTT,Frances Valentine",真洋牌,多品牌
1279,"FAIRY,Domol",真洋牌,多品牌
1280,"家の逸（Yohome）,JUJY",待确认,中英混合
1281,"ongredients,NUMBUZIN",真洋牌,多品牌
1282,"妃漾迷,EMWM",待确认,中英混合
1283,"二宝（Nimm2）,贝克曼博士（Dr.Beckmann）",待确认,中英混合
1284,"贝拉米（Bellamy's）,Goodcombo",待确认,中英混合
1285,"牛栏（Cow&Gate）,可瑞康（karicare）",待确认,中英混合
1286,"JOLI,RD",真洋牌,多品牌
1287,"加州宝宝（California Baby）,Clothes Doctor",待确认,中英混合
1288,近江兄弟社（OMI BROTHERHOOD）,待确认,中英混合
1289,JunoBio,待确认,无法快速判断
1290,"GERLLO,IZUMI",真洋牌,多品牌
1291,"VECUA HONEY,乐敦（ROHTO）",待确认,中英混合
1292,"所望（SOMANG）,villutra",待确认,中英混合
1293,"追幸兔,保美雅（Promina）",待确认,中英混合
1294,"资生堂（SHISEIDO PROFESSIONAL）,牛乳石碱（COW）",待确认,中英混合
1295,"贝拉米（Bellamy's）,novalac",待确认,中英混合
1296,"Frosch,FAIRY",真洋牌,多品牌
1297,"臻护新苼,Hero Baby",待确认,中英混合
1298,"Naturata,圣安娜（Sant' Anna）",待确认,中英混合
1299,"Mitime,UNITED",真洋牌,多品牌
1300,"VAPE,MINIKUMA",真洋牌,多品牌
1301,"贝拉米（Bellamy's）,牛栏（Cow&Gate）",待确认,中英混合
1302,"MOOV,宜珑（ilon）",待确认,中英混合
1303,"悠诗诗（UCC）,貝印",待确认,中英混合
1304,"TENUTA SETTE PONTI TOSCANA,CAIAROSSA",真洋牌,多品牌
1305,所望（SOMANG）,待确认,中英混合
1306,"AKF,Cecile Maia",真洋牌,多品牌
1307,"京飴綾小路,悠哈",待确认,中英混合
1308,"ANTIO,YUNTH",真洋牌,多品牌
1309,"高丝（Kose）,貝印",待确认,中英混合
1310,"HIEUAILR,欧佩O'KADY",待确认,中英混合
1311,"Unichi,和丽康（Herbs of Gold）",待确认,中英混合
1312,GUYN,真洋牌,短名
1313,"CE,珂 罗 娜（KE LUO NA）",待确认,中英混合
1314,"Airdog,DAINICHI",真洋牌,多品牌
1315,吨吨,待确认,中英混合
1316,"金钟酒庄（Chateau Angelus）,力士金酒庄（Chateau Lascombes）",待确认,中英混合
1317,"宝贝与我（Arla）,TAUPO PURE",待确认,中英混合
1318,"AIRBUGGY,Lion Litter 獅子砂",待确认,中英混合
1319,"蛇毒（Spa treatment）,牛乳石硷",待确认,中英混合
1320,野格（Jagerneister）,待确认,中英混合
1321,"REVEEL芮维迩,NOEVIR",待确认,中英混合
1322,"Tyrrells,CHUPA CHUPS",真洋牌,多品牌
1323,"山崎（Yamazaki）,响(Hibiki)",待确认,中英混合
1324,"一叶子 ONE LEAF,C咖",待确认,中英混合
1325,"馥绿德雅（RENE FURTERER）,粹律",待确认,中英混合
1326,"麦卡伦（MACALLAN）,轩尼诗Hennessy",待确认,中英混合
1327,"GLAETZER,木桐酒庄（Chateau Mouton Rothschild）",待确认,中英混合
1328,"TSUBAKI,マドンナ MADONNA",真洋牌,多品牌
1329,"BIOXCIN,嘉娜宝（KANEBO）",真洋牌,已知品牌
1330,YSL,真洋牌,短名
1331,"KISS YOU,SALONIA",真洋牌,多品牌
1332,"澳芝曼（G＆M）,艾珂薇（ACWELL）",待确认,中英混合
1333,"牛乳石硷,欧仕派（OLD SPICE）",待确认,中英混合
1334,"伊贝诗,一叶子 ONE LEAF",待确认,中英混合
1335,"玛尔斯（MARVIS）,晶杰",待确认,中英混合
1336,"Dermaroller,保美雅（Promina）",待确认,中英混合
1337,"春雨（Papa recipe）,SUMDOY",待确认,中英混合
1338,"JODYJAZZ,巴哈",待确认,中英混合
1339,"宝碟,KEF",待确认,中英混合
1340,STAUD BEAUTY,待确认,无法快速判断
1341,"HOSIKA,ANYSMIC",真洋牌,多品牌
1342,แบรนด์,待确认,无法快速判断
1343,"喜宝（HiPP）,子母（DUTCH LADY）",待确认,中英混合
1344,美体小铺（The Body Shop）,待确认,中英混合
1345,"可口可乐（Coca Cola）,味霸",真洋牌,已知品牌
1346,"South Pacific Salt,Mrs Rogers",真洋牌,多品牌
1347,"sun dance,Partyfly",真洋牌,多品牌
1348,"101CAFFE,ETHICAP",真洋牌,多品牌
1349,"金鸟（KINCHO）,Amino mason",待确认,中英混合
1350,"QSQG,柔恩莱（ROUND LAB）",待确认,中英混合
1351,"德国唯宝（Villeroy&Boch）,MEPAL",待确认,中英混合
1352,"艾天然（Attenir）,蛇毒（Spa treatment）",待确认,中英混合
1353,VZP,真洋牌,短名
1354,"SUNSTAR,喜宝（HiPP）",待确认,中英混合
1355,Anthéla,待确认,无法快速判断
1356,欧护（OFF！）,待确认,中英混合
1357,"Lychee Gold,十四代",待确认,中英混合
1358,"二宝（Nimm2）,闻绮（Venchi）",真洋牌,已知品牌
1359,"Ausiki,子母（DUTCH LADY）",待确认,中英混合
1360,"莱家（LOACKER）,NEXXUS",真洋牌,已知品牌
1361,天维美,待确认,中英混合
1362,"VIAGGIO ESPRESSO,ZESS",真洋牌,多品牌
1363,Waitrose,待确认,无法快速判断
1364,"Alessi,日立（HITACHI）",待确认,中英混合
1365,"格兰花格（Glenfarclas）,格兰冠（Glen Grant）",待确认,中英混合
1366,"雅霜,松山油脂",待确认,中英混合
1367,"帆船,欧护（OFF！）",待确认,中英混合
1368,"GOQURIA,Refine",真洋牌,多品牌
1369,"其他家,钜记饼家",待确认,中英混合
1370,"养命酒,尤妮佳（unicharm）",待确认,中英混合
1371,"博智,若瑟",待确认,中英混合
1372,"ALJOMAR,蓝丝帕",待确认,中英混合
1373,"格兰纳里奇（GlenAllachie）,克斯阿苏尔",待确认,中英混合
1374,"DX,PP",真洋牌,多品牌
1375,"纽乐葆,优佳（Ultrasun）",待确认,中英混合
1376,"馬油保湿成分（horse oil）,吾诺",待确认,中英混合
1377,"Lychee Gold,仓吉",待确认,中英混合
1378,"圣艾芙（S.IV）,Dariya",待确认,中英混合
1379,"所望（SOMANG）,润培",待确认,中英混合
1380,SAFERUN,待确认,无法快速判断
1381,"十四代,作品一号",待确认,中英混合
1382,"格兰纳里奇（GlenAllachie）,克拉米伦庄园（Chateau Clerc Milon）",待确认,中英混合
1383,"波路梦（Bourbon）,森永（Morinaga）",待确认,中英混合
1384,"格兰纳里奇（GlenAllachie）,富特尼（Old Pulterior）",待确认,中英混合
1385,"世喜花语,Didinika",待确认,中英混合
1386,"Moonshine,火龙（FIREBALL）",待确认,中英混合
1387,"碧雅诗,Dariya",待确认,中英混合
1388,"JOLI,PLIFT",真洋牌,多品牌
1389,"加州乐事,世界名庄（Fine Wine）",待确认,中英混合
1390,"晶杰,elmex",待确认,中英混合
1391,"乎刻,ego qv",待确认,中英混合
1392,"高丝（Kose）,玉肌（TAMANOHADA）",待确认,中英混合
1393,"奥纯冠（Nature One Dairy）,Caprilac",待确认,中英混合
1394,"久光令,保美雅（Promina）",待确认,中英混合
1395,SPICARE V3,待确认,无法快速判断
1396,SUMMER'S EVE,待确认,无法快速判断
1397,"FAMILIE,珍殿",待确认,中英混合
1398,"梦达俊雅丝（MONTAGNE JEUNESSE）,叙美雅",待确认,中英混合
1399,"IWACHU,aarke",真洋牌,多品牌
1400,"e.l.f.,EOS",真洋牌,多品牌
1401,"立兴（Botherless）,Trident",待确认,中英混合
1402,古缇（CULTI）,待确认,中英混合
1403,"scenkan,地球乐园",待确认,中英混合
1404,"妃漾迷,HIEUAILR",待确认,中英混合
1405,"（Martell）,卡慕（CAMUS）",待确认,中英混合
1406,"其他家,波尔若米",待确认,中英混合
1407,"Moccona,Bubs",真洋牌,多品牌
1408,"too faced,向日花",待确认,中英混合
1409,"奥纯冠（Nature One Dairy）,香蕉船（Banana Boat）",待确认,中英混合
1410,OVANO,真洋牌,短名
1411,"skinB5,SorLife",真洋牌,多品牌
1412,"其他家,DOGADAN",待确认,中英混合
1413,"猛虎皇,自然之选",待确认,中英混合
1414,"保加奥图,美漾（Mayfresh）",待确认,中英混合
1415,天上野,待确认,中英混合
1416,美源（bigen）,待确认,中英混合
1417,"Nutrition Care,pipingrock",真洋牌,多品牌
1418,"三井（TRI-WELL）,Malin+Goetz",待确认,中英混合
1419,"妮飘（Nepia）,象普（SHINPUR）",待确认,中英混合
1420,"金缕梅（Thayers）,VANICREAM",待确认,中英混合
1421,"波路梦（Bourbon）,朝日",待确认,中英混合
1422,iosn,真洋牌,短名
1423,"玉肌（TAMANOHADA）,欧仕派（OLD SPICE）",待确认,中英混合
1424,"朗德林（Laundrin）,摩隆（MARO）",待确认,中英混合
1425,"玛蒂德肤（MartiDerm）,DELIPLUS",待确认,中英混合
1426,"LITTLE GIANT,天鹅庄",待确认,中英混合
1427,"欧仕派（OLD SPICE）,GLYSOMED加素美",待确认,中英混合
1428,"A-Scabs,FSNMN",真洋牌,多品牌
1429,"哈奴曼,爱托美",待确认,中英混合
1430,"金鸟（KINCHO）,追幸兔",待确认,中英混合
1431,ECOMAAT,待确认,无法快速判断
1432,"BALVENIE,格兰威特",待确认,中英混合
1433,Burwilde,待确认,无法快速判断
1434,"Nuilaa,NUMBUZIN",真洋牌,多品牌
1435,"迪朗贝斯（DELON）,桐灰（KIRIBAI）",待确认,中英混合
1436,"维蕾德（WELEDA）,Bubs",待确认,中英混合
1437,"Ronas,苏秘37°（Su:m37°）",待确认,中英混合
1438,"马祖,八八坑道",待确认,中英混合
1439,澳滋（Oz Farm）,待确认,中英混合
1440,PALAIR,待确认,无法快速判断
1441,"喜宝（HiPP）,Ausiki",待确认,中英混合
1442,"拉瓦萨（LAVAZZA）,德龙(Delonghi)",待确认,中英混合
1443,"Ferrero,LAVAZZA",真洋牌,多品牌
1444,"牛乳石硷,金牌一条根",待确认,中英混合
1445,"Benamor,Aquaphor",真洋牌,多品牌
1446,"朝日,味霸",待确认,中英混合
1447,"贝拉米（Bellamy's）,CAMELICIOUS",待确认,中英混合
1448,AVIOT,真洋牌,短名
1449,TOALSON,待确认,无法快速判断
1450,"其他家,SO ACAI",待确认,中英混合
1451,"臻护新苼,Hero",待确认,中英混合
1452,KJUS,真洋牌,短名
1453,"每日（Maeil）,森宝（Semper）",待确认,中英混合
1454,Ronas,真洋牌,短名
1455,"ANINE BING,MSGM",真洋牌,多品牌
1456,"vigrx plus,Bubs",真洋牌,多品牌
1457,福摩（Fromm）,待确认,中英混合
1458,"高丝（Kose）,尼佰世",待确认,中英混合
1459,"NINJA,Breville",真洋牌,多品牌
1460,ALIVAYA,待确认,无法快速判断
1461,"高丝（Kose）,维蕾德（WELEDA）",待确认,中英混合
1462,"OXYENERGY 氧气能量,RD",待确认,中英混合
1463,"高丝（Kose）,杰士派（GATSBY）",待确认,中英混合
1464,"VITACREME B12,拉普瑞斯（lapulovce）",待确认,中英混合
1465,truezyme,待确认,无法快速判断
1466,朝日（Asahi）,待确认,中英混合
1467,OMIEBOX,待确认,无法快速判断
1468,培健（Rogaine）,待确认,中英混合
1469,"菲诗小铺（THE FACE SHOP）,自然乐园",待确认,中英混合
1470,"健美生,DCY",待确认,中英混合
1471,"悠斯晶（yuskin）,芭乐雅（Balea）",待确认,中英混合
1472,Nutriben,待确认,无法快速判断
1473,万多福,待确认,中英混合
1474,ICHENDORF,待确认,无法快速判断
1475,NOTHING BETTER,待确认,无法快速判断
1476,润美迪欧,待确认,中英混合
1477,"阿彼芙（ABIB）,NUMBUZIN",待确认,中英混合
1478,"劲浪airwaves,新亚（Sina）",待确认,中英混合
1479,"多良见,阿华田（Ovaltine）",待确认,中英混合
1480,"桐灰（KIRIBAI）,asahi",待确认,中英混合
1481,"庭萃,雅蔻（ARTDECO）",待确认,中英混合
1482,"BABI,Tondi",真洋牌,多品牌
1483,"Bubs,艾优睿",待确认,中英混合
1484,"亭宜（tani）,HOM",待确认,中英混合
1485,"高丝（Kose）,UZU",待确认,中英混合
1486,"黛莉亚,BH",待确认,中英混合
1487,"瓦提卡（vatika）,Pelican",待确认,中英混合
1488,"辛克宝贝（thinkbaby）,欧仕派（OLD SPICE）",待确认,中英混合
1489,"Dermaroller,ANTIO",真洋牌,多品牌
1490,"高丝（Kose）,东丽（TORAY）",待确认,中英混合
1491,"万金,肤润康（FUYUNHON）",待确认,中英混合
1492,"Unichi,无比膏",待确认,中英混合
1493,"HARIO,日立（HITACHI）",待确认,中英混合
1494,"力士金庄园,卡慕（CAMUS）",待确认,中英混合
1495,"Refine,MJ",真洋牌,多品牌
1496,"peripera,匠の技（TAKUMINOWAZA）",待确认,中英混合
1497,"格兰纳里奇（GlenAllachie）,大摩（DALMORE）",待确认,中英混合
1498,"K9 Natural,哈根纽翠斯（NUTRIENCE）",待确认,中英混合
1499,洛克星菲（LOCKSTARFY）,待确认,中英混合
1500,"HABA,春雨（Papa recipe）",待确认,中英混合
1501,"Dugladze wines&spirits,玛莎内庄园（MASHANEIZHUANGYUAN）",待确认,中英混合
1502,"贝拉米（Bellamy's）,BTNature",待确认,中英混合
1503,"康俪美（HBII）,艾诗（Enchanteur）",待确认,中英混合
1504,"贝拉米（Bellamy's）,艾优睿",待确认,中英混合
1505,"POBTOS5+,雅蔻（ARTDECO）",待确认,中英混合
1506,"高丝（Kose）,HEAVEN PINK",待确认,中英混合
1507,"碧雅诗,SP",待确认,中英混合
1508,SENKA,真洋牌,短名
1509,新安怡（AVENT）,待确认,中英混合
1510,"苏秘37°（Su:m37°）,欧蕙（OHUI）",待确认,中英混合
1511,"S&B,頂好牌",待确认,中英混合
1512,"CLAYMORE,Concha y Toro",真洋牌,多品牌
1513,"浮美,美浮特",待确认,中英混合
1514,"森宝（Semper）,安满（ANMUM）",待确认,中英混合
1515,"卢卡斯Lucas,SHEVEU",待确认,中英混合
1516,"VINA POMAL,龙船（Chateau Beychevelle）",待确认,中英混合
1517,楼上,待确认,中英混合
1518,"藏（KURA）,喜宝（HiPP）",真洋牌,已知品牌
1519,"NANOCARE,Moccona",真洋牌,多品牌
1520,"SEAKISS,LOSOKI",真洋牌,多品牌
1521,"珀莱雅双抗,梦希蓝",待确认,中英混合
1522,"Dariya,尚和手套（SHOWA）",待确认,中英混合
1523,"汉方,巧虎",待确认,中英混合
1524,"珀莱雅双抗,恩沙（ENTIA）",待确认,中英混合
1525,"麦卡伦（MACALLAN）,格兰花格",待确认,中英混合
1526,"XD,昆斯特勒",待确认,中英混合
1527,ENSURE GUARD,待确认,无法快速判断
1528,"帮庭（bounty）,Medallion",待确认,中英混合
1529,cellpure,待确认,无法快速判断
1530,"中原（TRUNG NGUYEN）,HEALTHY GARDEN",待确认,中英混合
1531,"菲洛嘉（Filorga）,White feather",待确认,中英混合
1532,"康如（KLORANE）,老瑤薑",待确认,中英混合
1533,"Jam,娜帕蒂卡",待确认,中英混合
1534,"恩萃（NATURAL greatness）,A.P.D.C.",待确认,中英混合
1535,"C,YS",真洋牌,多品牌
1536,"牛乳石硷,意立诗（ellips）",待确认,中英混合
1537,"缤若诗（Bifesta）,杰士派（GATSBY）",待确认,中英混合
1538,耐斯澎澎,待确认,中英混合
1539,"蜜丝婷（misiting）,悠莱",待确认,中英混合
1540,"梦希蓝,Dariya",待确认,中英混合
1541,"金鸟（KINCHO）,汉方",待确认,中英混合
1542,"KESALAN PATHARAN,芮芓",待确认,中英混合
1543,"Bubs,布朗康田酒庄（Chateau Brane-Cantenac）",待确认,中英混合
1544,"贝娜婷（Penaten）,澳肌莱（Skin Nutrient）",待确认,中英混合
1545,"Dariya,托尼魅力（TonyMoly）",待确认,中英混合
1546,"阿彼芙（ABIB）,苏秘37°（Su:m37°）",待确认,中英混合
1547,"日本叮叮,MADONNA",待确认,中英混合
1548,美士,待确认,中英混合
1549,"藤井源创,ANTIO",待确认,中英混合
1550,"梦达俊雅丝（MONTAGNE JEUNESSE）,优斐斯（uface）",待确认,中英混合
1551,"高丝（Kose）,优斐斯（uface）",待确认,中英混合
1552,"珀莱雅双抗,DEVIANCE",待确认,中英混合
1553,"377,美妍世家",待确认,中英混合
1554,"贝拉米（Bellamy's）,贝臣（Bübchen）",待确认,中英混合
1555,"喜宝（HiPP）,牛栏（Cow&Gate）",待确认,中英混合
1556,"皇家澳纽（ROYAL AUSNZ）,和光堂（Wakodo）",待确认,中英混合
1557,路易老爷（Louis Royer）,待确认,中英混合
1558,"HABA,SUMDOY",真洋牌,多品牌
1559,ESSONIO,待确认,无法快速判断
1560,"铂富（Breville）,Nespresso",待确认,中英混合
1561,"秀雅韩（Sooryehan）,丽得姿（LEADERS）",待确认,中英混合
1562,"其他家,厚健堂",待确认,中英混合
1563,QV,真洋牌,短名
1564,merci,真洋牌,短名
1565,AlmaWin,待确认,无法快速判断
1566,"Lubriderm,GLYSOMED加素美",待确认,中英混合
1567,芭克美,待确认,中英混合
1568,CMLink,真洋牌,已核验
1569,"达格诺（Didier Dagueneau）,约瑟夫杜鲁安（Joseph Drouhin ）",待确认,中英混合
1570,Mioyo妙友,待确认,中英混合
1571,"皮埃尔·吉拉尔丁酒庄（Pierre Girardin）,约瑟夫杜鲁安（Joseph Drouhin ）",待确认,中英混合
1572,Alfresco,待确认,无法快速判断
1573,Apagard,待确认,无法快速判断
1574,Hulubulu,待确认,无法快速判断
1575,淘物人,待确认,中英混合
1576,"ANTIO,LZ 美妆",待确认,中英混合
1577,"Turkey Hill Sugarbush,哥伦布斯（COLUMBUS）",待确认,中英混合
1578,美乐家（melitta）,待确认,中英混合
1579,"FINGKARO,科丽真",待确认,中英混合
1580,"劳拉之星（LAURASTAR）,SAGE",待确认,中英混合
1581,"其他家  OTHER HOME,吾诺（UNO）",待确认,中英混合
1582,响(Hibiki),待确认,中英混合
1583,"SUMDOY,EXPRESSIONS",真洋牌,多品牌
1584,"LIFE EXTENSION,Nature's Bounty",真洋牌,多品牌
1585,"GBT,Kizs the Nature",真洋牌,多品牌
1586,"SEA BREEZE,Oneday Brightener",真洋牌,多品牌
1587,"Dariya,SHEVEU",真洋牌,多品牌
1588,LANNITI,待确认,无法快速判断
1589,"preparation H,赤姬",待确认,中英混合
1590,"Nittaku,高丝（Kose）",待确认,中英混合
1591,"健力士（GUINNESS）,野格",待确认,中英混合
1592,"BLEMIL,Caprilac",真洋牌,多品牌
1593,"krups,Alessi",真洋牌,多品牌
1594,"LeTAO,白色恋人",待确认,中英混合
1595,"CHATEAU POUJEAUX,木桐（Mouton）",待确认,中英混合
1596,"Dermaroller,MCM",真洋牌,多品牌
1597,"珀莱雅双抗,PORCOPE",待确认,中英混合
1598,"易利气,德国雄狮",待确认,中英混合
1599,"SNACKIT,Health Care",真洋牌,多品牌
1600,"Benamor,UZU",真洋牌,多品牌
1601,Aneoktur,待确认,无法快速判断
1602,belulu,待确认,无法快速判断
1603,三得利Suntory,待确认,中英混合
1604,"其他品牌,TEAC",待确认,中英混合
1605,"倍得适（Playtex）,Dariya",待确认,中英混合
1606,"碧缇丝（batiste）,体吉（TIGI）",待确认,中英混合
1607,"高丝（Kose）,牛乳石硷",待确认,中英混合
1608,HZ,真洋牌,短名
1609,"HIDDEN VALLEY RANCH,Horizon Organic",真洋牌,多品牌
1610,"EARTHQUAKE,达尼（DALI）",待确认,中英混合
1611,Wedgwood,待确认,无法快速判断
1612,"森宝（Semper）,子母（DUTCH LADY）",待确认,中英混合
1613,"WIS,蜜丝婷（misiting）",待确认,中英混合
1614,"德国世家（Dr.Hauschka）,Dermaroller",待确认,中英混合
1615,"高丝（Kose）,欧护（OFF！）",待确认,中英混合
1616,"A'PIEU,FANOLA",真洋牌,多品牌
1617,"生鲜本能（instinct）,NOW FRESH",待确认,中英混合
1618,百昌隆,待确认,中英混合
1619,"Alpha Hydrox,千妍",待确认,中英混合
1620,"格兰纳里奇（GlenAllachie）,吉拉（JURA）",待确认,中英混合
1621,伟彩（vcolor）,待确认,中英混合
1622,"蕾珂美,箴颜（ZIINYIIN）",待确认,中英混合
1623,"幽兰一品（THE ORCHID SKIN）,高丝（Kose）",待确认,中英混合
1624,"高丝（Kose）,水之印（AQUALABEL）",待确认,中英混合
1625,"Dariya,星洲",待确认,中英混合
1626,"喜宝（HiPP）,妙思乐（Mustela）",待确认,中英混合
1627,"TO&FOR,秀肤生（Cell Fusion C）",待确认,中英混合
1628,"无,ANTIO",待确认,中英混合
1629,"雪玲妃（Xuelinfe）,千贵合",待确认,中英混合
1630,"高丝（Kose）,PRICELINE",待确认,中英混合
1631,"巴哈,BEECHLER",待确认,中英混合
1632,"膜法世家,颐莲（RELLET）",待确认,中英混合
1633,"Dariya,马油（LOSHI）",待确认,中英混合
1634,"纺优美,柔丽（SOFTLAN）",待确认,中英混合
1635,"LORETTA,春雨（Papa recipe）",待确认,中英混合
1636,LAVAZZA,待确认,无法快速判断
1637,老瑶姜,待确认,中英混合
1638,"KEDAI KOPITIAM ORIENTAL KOPI,乐敦（ROHTO）",待确认,中英混合
1639,LABORTIS 1972,待确认,无法快速判断
1640,"KENTUCKY OWL,百世醇（BUSHMILLS）",待确认,中英混合
1641,未来（VAPE）,待确认,中英混合
1642,"碧唇（Blistex）,摩隆（MARO）",待确认,中英混合
1643,Teekanne,待确认,无法快速判断
1644,"LADY JAYNE,可瑞康（karicare）",待确认,中英混合
1645,CHOYA,真洋牌,短名
1646,"悠了优乐,SAUBOTA",待确认,中英混合
1647,"HARIO,孔雀（Peacock）",待确认,中英混合
1648,"艾藜儿,KUVIVE",待确认,中英混合
1649,"绿色溪谷,高丝（Kose）",待确认,中英混合
1650,"果本（gooben）,PUCO",待确认,中英混合
1651,"卓營方（YESNUTRI）,德国汉堡（Hamburg-B）",待确认,中英混合
1652,"优斐斯（uface）,PLIFT",待确认,中英混合
1653,"AG,Tondi",真洋牌,多品牌
1654,"水梦令,安婕抒",待确认,中英混合
1655,NULAD,真洋牌,短名
1656,"澳袋丽,FAZAU",待确认,中英混合
1657,"VOLCAN DE MI TIERRA,PADRE",真洋牌,多品牌
1658,"亚都（YADU）,PHTY",待确认,中英混合
1659,"SAGE,美诺（MIELE）",待确认,中英混合
1660,"D二次方（DSquared2）,AMIRI",待确认,中英混合
1661,"贝拉米（Bellamy's）,Hero Baby",待确认,中英混合
1662,Gc,真洋牌,短名
1663,"HABA,KENTUCKY OWL",真洋牌,多品牌
1664,"iCANDOR,AIRBUGGY",真洋牌,多品牌
1665,"Dariya,藤井源创",待确认,中英混合
1666,"UZU,FANBEAUTY",真洋牌,多品牌
1667,"GIMSIBLY,Flowerlure花间颂",待确认,中英混合
1668,"公仔炒面王,Tropical Fields",待确认,中英混合
1669,"GLYSOMED加素美,Nutella",待确认,中英混合
1670,"格兰纳里奇（GlenAllachie）,拉图嘉利",待确认,中英混合
1671,"BSAI,VIRTUE",真洋牌,多品牌
1672,"JAPANHOME,EZ COOK",真洋牌,多品牌
1673,"BABI,雅莎尔（yashaer）",待确认,中英混合
1674,"金鸟（KINCHO）,Farmstay",待确认,中英混合
1675,"red seal,SHEVEU",真洋牌,多品牌
1676,花绮（HACCI）,待确认,中英混合
1677,"波路梦（Bourbon）,POKKA SAPPORO",待确认,中英混合
1678,"其他家,JOLI",待确认,中英混合
1679,"康萃乐,mannings",待确认,中英混合
1680,"何濟公（C. K. HO）,撒隆巴斯（SALONPAS）",待确认,中英混合
1681,雅莉格丝（Elegance）,待确认,中英混合
1682,FAITH IN NATURE,待确认,无法快速判断
1683,PANPURI,待确认,无法快速判断
1684,"宝贝,华熙夸迪",待确认,中英混合
1685,"辛克宝贝（thinkbaby）,EFFERDENT",待确认,中英混合
1686,"莱文医生（Dr.LeWinn""s）,SKIN REPUBLIC",待确认,中英混合
1687,来发记,待确认,中英混合
1688,"美源（bigen）,KOWA",待确认,中英混合
1689,"SYUMON,ANTIO",真洋牌,多品牌
1690,"LISCN,FIDQIOG",真洋牌,多品牌
1691,YS,真洋牌,短名
1692,"S&C SCRET,优斐斯（uface）",待确认,中英混合
1693,卡慕（CAMUS）,待确认,中英混合
1694,New English Teas,待确认,无法快速判断
1695,春莺（Joriole）,待确认,中英混合
1696,皇家澳纽（ROYAL AUSNZ）,待确认,中英混合
1697,"喜宝（HiPP）,Desitin",待确认,中英混合
1698,芭乐雅（Baleya）,待确认,中英混合
1699,Le Ponnine,待确认,无法快速判断
1700,HEGEN,真洋牌,短名
1701,"Ianys,蜜诗肌（MISHIJI）",待确认,中英混合
1702,"ANTIO,catrice",真洋牌,多品牌
1703,"长白山人参 CBM GINSENG,赋皙",待确认,中英混合
1704,"Jack N' Jill,维蕾德（WELEDA）",待确认,中英混合
1705,"路易老爷（Louis Royer）,卡慕（CAMUS）",待确认,中英混合
1706,"无,高丝（Kose）",待确认,中英混合
1707,"FANOLA,SHEVEU",真洋牌,多品牌
1708,"喜宝（HiPP）,boiron",待确认,中英混合
1709,"FUMAKILLA,TO-PLAN",真洋牌,多品牌
1710,"德国世家（Dr.Hauschka）,钰创合成（UV）",待确认,中英混合
1711,"格兰纳里奇（GlenAllachie）,齐候门（Kilchoman）",待确认,中英混合
1712,"圣艾芙（S.IV）,VASELINE",待确认,中英混合
1713,"豪帅快活（JOSE CUERVO）,野格（Jagerneister）",待确认,中英混合
1714,"福来,艾珂薇（ACWELL）",待确认,中英混合
1715,"晶杰,圣艾芙（Stives）",待确认,中英混合
1716,BUDDATE发芽时光,待确认,中英混合
1717,"蓬莱泉,FANOLA",待确认,中英混合
1718,Le Petit Olivier,待确认,无法快速判断
1719,"SEE'S CANDIES,味霸",待确认,中英混合
1720,"声阔（SoundCore）,Levoit",待确认,中英混合
1721,"OMIEBOX,MODU'I",真洋牌,多品牌
1722,"无,SABORINO",待确认,中英混合
1723,"Brumate,WATERDROP",真洋牌,多品牌
1724,"阿彼芙（ABIB）,果达儿（goodal）",待确认,中英混合
1725,"雅莉格丝（Elegance）,SUQQU",待确认,中英混合
1726,英拉利（YILARLIE）,待确认,中英混合
1727,"一叶子 ONE LEAF,WIS",待确认,中英混合
1728,"牛乳石硷,资生堂专业美发（SHISEIDO PROFESSIONAL）",待确认,中英混合
1729,"艾珂薇（ACWELL）,卡蓓诺（CABELO）",待确认,中英混合
1730,"VETPLUS,INCELLDERM",真洋牌,多品牌
1731,"冰溪,发玛21",待确认,中英混合
1732,"C,D",真洋牌,多品牌
1733,"新生活,Alpha Hydrox",待确认,中英混合
1734,"高丝（Kose）,hoyu",待确认,中英混合
1735,"和光堂（Wakodo）,SUNSTAR",待确认,中英混合
1736,"狮王（LION）,钰创合成（UV）",待确认,中英混合
1737,比时咔,待确认,中英混合
1738,"欧仕派（OLD SPICE）,美国箭牌（Mane 'n Tail）",待确认,中英混合
1739,Biotta,待确认,无法快速判断
1740,CPBIO,真洋牌,短名
1741,ELEANOR,待确认,无法快速判断
1742,"巴哈,SUZUKI",待确认,中英混合
1743,清净海,待确认,中英混合
1744,"COCCINELLE,Phytopharma",真洋牌,多品牌
1745,Glysomed,待确认,无法快速判断
1746,HEALTREE,待确认,无法快速判断
1747,"瞳话,悠莱",待确认,中英混合
1748,"路易老爷（Louis Royer）,KWV",待确认,中英混合
1749,"富特尼（Old Pulterior）,法国廊酒",待确认,中英混合
1750,"C咖,蜜浓（MINON）",待确认,中英混合
1751,"藏（KURA）,珊珂",真洋牌,已知品牌
1752,"Kabrita,安怡 （Anlene）",待确认,中英混合
1753,"馥华诗（COURVOISIER）,TOMATIN",待确认,中英混合
1754,"贝娜婷（Penaten）,貝印",待确认,中英混合
1755,"金鸟（KINCHO）,SUNSTAR",待确认,中英混合
1756,"Blanco,Nunn Bush",真洋牌,已知品牌
1757,"堡林爵（Bollinger）,勒庞庄 LE PUY",待确认,中英混合
1758,"Refine,野口（Noguchi）",待确认,中英混合
1759,"马油（LOSHI）,QV",待确认,中英混合
1760,"GLASSHOUSE FRAGRANCES,高丝（Kose）",待确认,中英混合
1761,"无,厚健堂",待确认,中英混合
1762,"KJUS,GABBA",真洋牌,多品牌
1763,铂富（Breville）,待确认,中英混合
1764,"K9 Natural,NULO",真洋牌,多品牌
1765,Emami 7 Oils in One,待确认,无法快速判断
1766,"MT METATRON,KS",真洋牌,多品牌
1767,资生堂（SHISEIDO PROFESSIONAL）,待确认,中英混合
1768,"无,旺太太",待确认,中英混合
1769,"VANMATE,马油（LOSHI）",待确认,中英混合
1770,"欧敏肤,颐莲（RELLET）",待确认,中英混合
1771,"星嘉坡,星洲",待确认,中英混合
1772,"资生堂专业美发（SHISEIDO PROFESSIONAL）,卡彼",待确认,中英混合
1773,"deonatulle,吾诺（UNO）",待确认,中英混合
1774,安热沙（ANESSA）,待确认,中英混合
1775,"无,双莲",待确认,中英混合
1776,"颐莲（RELLET）,ALIVAYA",待确认,中英混合
1777,"无,RIMMEL",待确认,中英混合
1778,"虎修堂,香港中西大药房有限公司 香港 药 香港中西大药房",待确认,中英混合
1779,"KINU,Fissler",真洋牌,多品牌
1780,"玛丽黛佳,植美村",待确认,中英混合
1781,"宣致,新生命凝胶",待确认,中英混合
1782,Yuorom,待确认,无法快速判断
1783,"达格诺（Didier Dagueneau）,Battenfeld-Spanier",待确认,中英混合
1784,"无,Almay",待确认,中英混合
1785,MISORILIFE,待确认,无法快速判断
1786,Alteya,待确认,无法快速判断
1787,"Gnaw,闻绮（Venchi）",真洋牌,已知品牌
1788,Cinnamoroll,待确认,无法快速判断
1789,贝灵哲（Beringer）,待确认,中英混合
1790,OTHER/其他,待确认,中英混合
1791,"Merrick,K9 Natural",真洋牌,多品牌
1792,"和光堂（Wakodo）,Wisdom",待确认,中英混合
1793,"蚝湾（OYSTER BAY）,豪帅快活（JOSE CUERVO）",待确认,中英混合
1794,"凡士林,悦罗兰",待确认,中英混合
1795,"Wpc.,Blender Bottle",真洋牌,多品牌
1796,"日本叮叮,蛇牌（SNAKE BRAND）",待确认,中英混合
1797,"伦士度,日本叮叮",待确认,中英混合
1798,"LABORTIS 1972,CENTRAL LECHERA ASTURIANA",真洋牌,多品牌
1799,"Himalaya,雪尚肌",待确认,中英混合
1800,"和光堂（Wakodo）,辛克宝贝（thinkbaby）",待确认,中英混合
1801,"十四代,白州",待确认,中英混合
1802,"奥纯冠（Nature One Dairy）,Maxigenes",待确认,中英混合
1803,"SABORINO,ANTIO",真洋牌,多品牌
1804,"Iapetus,direia",真洋牌,多品牌
1805,"珀莱雅双抗,高丝（Kose）",待确认,中英混合
1806,"厚念,Ecotools",待确认,中英混合
1807,"原果U站,先跃",待确认,中英混合
1808,"ISDG,NATURELAN",真洋牌,多品牌
1809,"Simply Organic,NEXXUS",真洋牌,多品牌
1810,"Barsetto,摩飞电器（Morphyrichards）",待确认,中英混合
1811,"Bugle Boy,Montana West",真洋牌,多品牌
1812,"TEMPLE SPA,Dermaroller",真洋牌,多品牌
1813,"AG,UZU",真洋牌,多品牌
1814,"日立（HITACHI）,西哲（sezze）",待确认,中英混合
1815,"LORETTA,欧仕派（OLD SPICE）",待确认,中英混合
1816,"CHOYA,三得利Suntory",待确认,中英混合
1817,"晶杰,Bioblas",真洋牌,已知品牌
1818,"ning,伊贝诗纯净面膜（RIBECS）",待确认,中英混合
1819,Brighton,待确认,无法快速判断
1820,"Tfit,choosy",真洋牌,多品牌
1821,"Aqualan,Hero Baby",真洋牌,多品牌
1822,"花三岛,YOSHIKAWA",待确认,中英混合
1823,安速（ARS）,待确认,中英混合
1824,"UMAJI,INCELLDERM",真洋牌,多品牌
1825,UZUPRO,待确认,无法快速判断
1826,RE VIVE,待确认,无法快速判断
1827,YOUTHSECRET,待确认,无法快速判断
1828,格兰莫雷（Glen Moray）,待确认,中英混合
1829,INSTANT SMILE,待确认,无法快速判断
1830,"EFFERDENT,plackers",真洋牌,多品牌
1831,"维氏（VICTORINOX）,酷彩（Le Creuset）",待确认,中英混合
1832,"凌博士,百雀羚草本",待确认,中英混合
1833,TAMRAC,待确认,无法快速判断
1834,"MANIC PANIC,怀尔德",待确认,中英混合
1835,"迪朗贝斯（DELON）,貝印",待确认,中英混合
1836,"浮美,向妍",待确认,中英混合
1837,贵艾朗,待确认,中英混合
1838,"RNW,蜜丝婷（misiting）",待确认,中英混合
1839,"高丝（Kose）,潇洒（SELSUN）",真洋牌,已知品牌
1840,"倍得适（Playtex）,帮庭（bounty）",待确认,中英混合
1841,"CREED,明治(meiji)",待确认,中英混合
1842,"JOLI,UZU",真洋牌,多品牌
1843,T,真洋牌,短名
1844,"九州,FREQUENT",待确认,中英混合
1845,"柔丽（SOFTLAN）,东方宝石（Tesori D’oriente）",待确认,中英混合
1846,"WOPUKA,HISMILE",真洋牌,多品牌
1847,"小蓝瓶（TAKAMI）,PUNOMO",待确认,中英混合
1848,Blender Bottle,待确认,无法快速判断
1849,维氏（VICTORINOX）,待确认,中英混合
1850,"Nittaku,YASAKA",真洋牌,多品牌
1851,"拉薇（Lavera）,plackers",待确认,中英混合
1852,"艾天然（Attenir）,Dariya",待确认,中英混合
1853,"Rogaine,Dermaroller",真洋牌,多品牌
1854,"玫瑰庄园（Chateau Montrose）,SYRAZTIME",待确认,中英混合
1855,"无,无匠",待确认,中英混合
1856,和光堂（Wakodo）,待确认,中英混合
1857,"Sunshine,Dermaroller",真洋牌,多品牌
1858,"无,MOME",待确认,中英混合
1859,"珊珂,Nuilaa",待确认,中英混合
1860,"贝拉米（Bellamy's）,GROW GORGEOUS",待确认,中英混合
1861,"Le Ponnine,春莺（Joriole）",待确认,中英混合
1862,"金鸟（KINCHO）,和光堂（Wakodo）",待确认,中英混合
1863,奔富,待确认,中英混合
1864,Hommkesa,待确认,无法快速判断
1865,"珂莱欧（CLIO）,THREE",待确认,中英混合
1866,FROMNATURE ARLESHEIM,待确认,无法快速判断
1867,金剛,待确认,中英混合
1868,lhamour,待确认,无法快速判断
1869,"WOWJI,yohji yamamoto",真洋牌,多品牌
1870,"拜尔斯道夫（Hansaplast）,ARTIS",待确认,中英混合
1871,"无,悦舒荟",待确认,中英混合
1872,"黛尔珀（d'Alba）,雅莉格丝（Elegance）",待确认,中英混合
1873,"厚健堂,essence",待确认,中英混合
1874,"Degaba,书威",待确认,中英混合
1875,美赞臣蓝臻,待确认,中英混合
1876,"THREE,EBIS",真洋牌,多品牌
1877,"Durrell,CANMAKE",真洋牌,多品牌
1878,"厚健堂,Amino mason",待确认,中英混合
1879,"PAUL&JOE,PRICELINE",真洋牌,多品牌
1880,"ETUDE HOUSE,SOJO",真洋牌,多品牌
1881,欧德萨（ORADEA）,待确认,中英混合
1882,ESSSE CAFFE,待确认,无法快速判断
1883,"Source Naturals,LONGTAKE",真洋牌,多品牌
1884,"ANTIO,颐莲（RELLET）",待确认,中英混合
1885,"德国世家（Dr.Hauschka）,Malin+Goetz",待确认,中英混合
1886,"FANOLA,ZHENMI",真洋牌,多品牌
1887,"厚健堂,悦舒荟",待确认,中英混合
1888,"资生堂（SHISEIDO PROFESSIONAL）,颐莲（RELLET）",待确认,中英混合
1889,"Dariya,维蕾德（WELEDA）",待确认,中英混合
1890,"Gerllo,FILSWA",真洋牌,多品牌
1891,TASTE OF THE WILD,待确认,无法快速判断
1892,CIAO,真洋牌,短名
1893,"卡洛塔妮（karihome）,子母（DUTCH LADY）",待确认,中英混合
1894,PharmaHermetic,待确认,无法快速判断
1895,M&J 博譽發展集團有限公司,待确认,中英混合
1896,日本盛,待确认,中英混合
1897,NATUREBELL,待确认,无法快速判断
1898,"丝碧柔,三妆",待确认,中英混合
1899,"所望（SOMANG）,VT",待确认,中英混合
1900,"娅刻努(YAKENU),HARIO",待确认,中英混合
1901,"贵艾朗,爱敬（AEKYUNG）",待确认,中英混合
1902,"ANTIO,益教授",待确认,中英混合
1903,"巴哈,柳泽",待确认,中英混合
1904,"ILSO,雅芳（AVON）",待确认,中英混合
1905,"Cancer Council,Losoki",真洋牌,多品牌
1906,"Kimiwa,Domol",真洋牌,多品牌
1907,"伊贝诗,高姿（COGI）",待确认,中英混合
1908,"NINJA,铂富（Breville）",待确认,中英混合
1909,CHEMI-PHARM,待确认,无法快速判断
1910,"SUSTYLE,Montana West",真洋牌,多品牌
1911,"每日（Maeil）,嘉娜宝（KANEBO）",待确认,中英混合
1912,DIRU,真洋牌,短名
1913,"Malin+Goetz,shiro",真洋牌,多品牌
1914,"味霸,山本汉方制药株式会社",待确认,中英混合
1915,"玛尔斯（MARVIS）,艾梵达（AVEDA）",待确认,中英混合
1916,YNO,真洋牌,短名
1917,"Zo Skin Health,茱莉蔻",待确认,中英混合
1918,"MITHAOL,Eternelle",真洋牌,多品牌
1919,"所望（SOMANG）,Dariya",待确认,中英混合
1920,鸿星尔克绝尘,待确认,中英混合
1921,"春雨（Papa recipe）,CANMAKE",待确认,中英混合
1922,Vacilon,待确认,无法快速判断
1923,"貝印,PRICELINE",待确认,中英混合
1924,"富士帝（FUJIOH）,夏普",待确认,中英混合
1925,"厚健堂,MT",待确认,中英混合
1926,"晶杰,贝臣（Bübchen）",待确认,中英混合
1927,"臻护新苼,牛栏（Cow&Gate）",待确认,中英混合
1928,"珂莱欧（CLIO）,珂莱欧（clio）",待确认,中英混合
1929,"BIUI,PATANLP",真洋牌,多品牌
1930,宜可诚（Ecostore）,待确认,中英混合
1931,"Dariya,娥佩兰（OPERA）",待确认,中英混合
1932,"资生堂专业美发（SHISEIDO PROFESSIONAL）,未来（VAPE）",待确认,中英混合
1933,Rewi,真洋牌,短名
1934,"妙力,九州",待确认,中英混合
1935,"ACCA KAPPA,老瑤薑",待确认,中英混合
1936,"复轻园,小浣熊",待确认,中英混合
1937,"SAVANNA ORCHARDS,IDESIGN",真洋牌,多品牌
1938,惠普,待确认,中英混合
1939,"UZU,ANNABELLA",真洋牌,多品牌
1940,"海普诺凯1897（Hyprocal1897）,子母（DUTCH LADY）",待确认,中英混合
1941,"芙芙,颐莲（RELLET）",待确认,中英混合
1942,"LORETTA,Cancer Council",真洋牌,多品牌
1943,"Ianys,鄭明明（CMM）",待确认,中英混合
1944,百思特（baisite）,待确认,中英混合
1945,"高丝（Kose）,碧玉泽",待确认,中英混合
1946,"LORETTA,BIBZIZ",真洋牌,多品牌
1947,"Dariya,熊野油脂（HorseOil）",待确认,中英混合
1948,"欧仕派（OLD SPICE）,PRICELINE",待确认,中英混合
1949,"GIRLS CRUSH,INTO YOU",真洋牌,多品牌
1950,"帕高（Paco Rabanne）,OUR LEGACY",待确认,中英混合
1951,"馥华诗（COURVOISIER）,黑塔（Black Tower）",待确认,中英混合
1952,"BLANCO,SUSTYLE",真洋牌,已知品牌
1953,"BSAI,娥佩兰（OPERA）",待确认,中英混合
1954,"HYGIENE,NAMMAN MUAY",真洋牌,多品牌
1955,"美源（bigen）,近江兄弟",待确认,中英混合
1956,ALZIPMAT,待确认,无法快速判断
1957,"D二次方（DSquared2）,罗伯特·卡沃利（ROBERTO CAVALLI）",待确认,中英混合
1958,"Gik,catrice",真洋牌,多品牌
1959,KaLOHaS+,待确认,无法快速判断
1960,"德研丝（SYSTEM PROFESSIONAL）,小红脸",待确认,中英混合
1961,"SHEVEU,美国箭牌（Mane 'n Tail）",待确认,中英混合
1962,"Horizon Organic,福爵（FUJUE）",待确认,中英混合
1963,"唯意一号,格兰轩（GRANSHAN）",待确认,中英混合
1964,Canesten,待确认,无法快速判断
1965,"Two cows,Krauterhof",真洋牌,多品牌
1966,"宜可诚（Ecostore）,今治タオル（ imabari towel）",待确认,中英混合
1967,SUQQU,真洋牌,短名
1968,"SAGE,博朗菲（Borownfie）",待确认,中英混合
1969,"路易老爷（Louis Royer）,十四代",待确认,中英混合
1970,"ZHENMI,Cancer Council",真洋牌,多品牌
1971,"Rosa Prima,京都念慈菴",待确认,中英混合
1972,传皙诺（TRANSINO）,待确认,中英混合
1973,"麦卡伦（MACALLAN）,卡慕（CAMUS）",待确认,中英混合
1974,法帝旗（FADIQI）,待确认,中英混合
1975,"康贝（Combi）,阿普丽佳（APRICA）",待确认,中英混合
1976,"雅莉格丝（Elegance）,LANLVX",待确认,中英混合
1977,"图里巴丁（Tullibardine）,格兰花格（Glenfarclas）",待确认,中英混合
1978,"安妮克莱因（ANNE KLEIN）,潘多拉（pandora）",待确认,中英混合
1979,"LORETTA,CANMAKE",真洋牌,多品牌
1980,"Masata,ISANA",真洋牌,多品牌
1981,"Apriori,MAQUILLAGE",真洋牌,多品牌
1982,"HISTOIRES de PARFUMS,PRICELINE",真洋牌,多品牌
1983,苏菲,待确认,中英混合
1984,"妙力,丹麦蓝罐（Kjeldsens）",待确认,中英混合
1985,"和光堂（Wakodo）,貝印",待确认,中英混合
1986,"蜜黛诗（Methode Swiss）,莎莎（Sasa）",待确认,中英混合
1987,"资生堂（SHISEIDO PROFESSIONAL）,THREE",待确认,中英混合
1988,"贝拉米（Bellamy's）,可瑞康（karicare）",待确认,中英混合
1989,资生堂专业美发（SHISEIDO PROFESSIONAL）,待确认,中英混合
1990,BIOTONA,待确认,无法快速判断
1991,响（Hibiki）,待确认,中英混合
1992,"HARIO,SKATER",真洋牌,多品牌
1993,"春雨（Papa recipe）,Losoki",待确认,中英混合
1994,"克斯阿苏尔,响（Hibiki）",待确认,中英混合
1995,"cantu,艾梵达（AVEDA）",待确认,中英混合
1996,"颐莲（RELLET）,凌博士",待确认,中英混合
1997,"卡洛塔妮（karihome）,喜宝（HiPP）",待确认,中英混合
1998,"凉介,摩飞电器（Morphyrichards）",待确认,中英混合
1999,"SAVANNA ORCHARDS,TheraBreath",真洋牌,多品牌
2000,"HABA,赫妍（HERA）",待确认,中英混合
2001,BYLYSE,真洋牌,已核验
2002,艾优睿,待确认,中英混合
2003,Aritzia,待确认,无法快速判断
2004,"专典,颐莲（RELLET）",待确认,中英混合
2005,"罗娜女神,兰芝（LANEIGE）",待确认,中英混合
2006,浮美,待确认,中英混合
2007,"维蕾德（WELEDA）,Caprilac",待确认,中英混合
2008,"海特安可金卡露,沃斯坦",待确认,中英混合
2009,"欧仕派（OLD SPICE）,SHEVEU",待确认,中英混合
2010,"AG,传奇今生（LEGEND AGE）",待确认,中英混合
2011,"天,罗娜女神",待确认,中英混合
2012,"卡洛塔妮（karihome）,瑞一宝",待确认,中英混合
2013,VICKI BROWN,待确认,无法快速判断
2014,"MOONY,克奈圃（Kneipp）",待确认,中英混合
2015,"安娜柏林（Annemarie Borlind）,高丝（Kose）",待确认,中英混合
2016,"SUNSILK,欧倍青（Alpecin）",待确认,中英混合
2017,"SUN ZAPPER,Creer Beaute",真洋牌,多品牌
2018,高姿（COGI）,待确认,中英混合
2019,"伊藤（Ito）,米勒·海莉诗（Miller Harris）",待确认,中英混合
2020,"艾美（Emmi）,欧迪圣（OWNDAYS）",待确认,中英混合
2021,"虎牌,东芝",待确认,中英混合
2022,"子母（DUTCH LADY）,摩可纳（Moccona）",待确认,中英混合
2023,"TESORI D'ORIENTE 东方宝石,伊思（It’s skin）",待确认,中英混合
2024,"石崎成器,西哲（sezze）",待确认,中英混合
2025,闻献 DOCUMENTS,待确认,中英混合
2026,"AROUGE,蜜丝婷（misiting）",待确认,中英混合
2027,日立（HITACHI）,待确认,中英混合
2028,"PRICELINE,OGX",真洋牌,多品牌
2029,"艾杜莎（Ettusais）,AMPLEUR",待确认,中英混合
2030,"Ben Nye,嘉娜宝（KANEBO）",待确认,中英混合
2031,"WOPUKA,THREE",真洋牌,多品牌
2032,"NATIO,ETVOS",真洋牌,多品牌
2033,"德国世家（Dr.Hauschka）,RMK",待确认,中英混合
2034,"生鲜本能（instinct）,Quest",待确认,中英混合
2035,"essence,蔻吉",待确认,中英混合
2036,"沙龙贝尔,凯歌",待确认,中英混合
2037,ANASTASIA BEVERLY HILLS,待确认,无法快速判断
2038,"芭宝（BABOR）,芯丝翠（Neostrata）",待确认,中英混合
2039,"DOMX,MOIA",真洋牌,多品牌
2040,"yohji yamamoto,MIKIMOTO",真洋牌,多品牌
2041,诺士博（NOVEXPERT）,待确认,中英混合
2042,"SAMURAI JEANS,Paraboot",真洋牌,多品牌
2043,森宝（Semper）,待确认,中英混合
2044,"BOH,水果之乡",待确认,中英混合
2045,"丹麦蓝罐（Kjeldsens）,SUNRAYSIA NATURAL. NUTRITIOUS. DELICIOUS.",待确认,中英混合
2046,"DOFANKIN,AROMAT HERBS",真洋牌,多品牌
2047,"宫本川,爱伽丝",待确认,中英混合
2048,"RSY,轻奢",待确认,中英混合
2049,"康如（KLORANE）,欧缇丽（Caudalie）",待确认,中英混合
2050,"雅莉格丝（Elegance）,丽珠兰（REJURAN）",待确认,中英混合
2051,"悦舒荟,0001",待确认,中英混合
2052,"艾珂薇（ACWELL）,SPICARE",待确认,中英混合
2053,"too faced,缔芙曼（DIFUMAN）",待确认,中英混合
2054,Medallion,待确认,无法快速判断
2055,摩飞电器（Morphyrichards）,待确认,中英混合
2056,"Deonatulle,吾诺（UNO）",待确认,中英混合
2057,"和光堂（Wakodo）,香蒲丽",待确认,中英混合
2058,"珀莱雅双抗,安晒美",待确认,中英混合
2059,"PLUS EAU,艾杜莎（Ettusais）",待确认,中英混合
2060,"康蜜儿（Kamill）,克奈圃（Kneipp）",待确认,中英混合
2061,汀思图（DEANSTON）,待确认,中英混合
2062,FAZAU,真洋牌,短名
2063,Otamatone,待确认,无法快速判断
2064,"和光堂（Wakodo）,森田藥粧（DR.JOU）",待确认,中英混合
2065,"小蓝瓶（TAKAMI）,PLIFT",待确认,中英混合
2066,"小蓝瓶（TAKAMI）,Dermaroller",待确认,中英混合
2067,"AG,润妮秀",待确认,中英混合
2068,"ETVOS,Algenist",真洋牌,已知品牌
2069,"SKATER,needsuvcut",真洋牌,多品牌
2070,"澳柯玛（AUCMA）,美诺（MIELE）",待确认,中英混合
2071,雅琪朵（argital）,待确认,中英混合
2072,"muselove,谷格",待确认,中英混合
2073,维丽海斯,待确认,中英混合
2074,"维蕾德（WELEDA）,欧仕派（OLD SPICE）",待确认,中英混合
2075,巴哈,待确认,中英混合
2076,"澳芝曼（G＆M）,珂莱欧（CLIO）",待确认,中英混合
2077,"UZU,苏菲娜（Sofina）",待确认,中英混合
2078,"YS,D",真洋牌,多品牌
2079,"网件（NETGEAR）,IQAir",待确认,中英混合
2080,"皮尔卡丹（PIERRE CARDIN）,BY S.T.DUPONT;D",待确认,中英混合
2081,"克宁（KLIM）,Simply Organic",待确认,中英混合
2082,"RMK,SUQQU",真洋牌,多品牌
2083,"酷彩（Le Creuset）,亨克斯（HENCKELS）",待确认,中英混合
2084,摩洛哥油（Moroccanoil）,待确认,中英混合
2085,儷心國際貿易有限公司標章,待确认,中英混合
2086,谷雨（GOODWAY）,待确认,中英混合
2087,"MOCLANB 默克兰博,GDANNY",待确认,中英混合
2088,"皮尔卡丹（pierre cardin）,梦特娇（MONTAGUT）",待确认,中英混合
2089,老虎牌,待确认,中英混合
2090,"怡万家（iwaki）,NINJA",待确认,中英混合
2091,D,真洋牌,短名
2092,"HARPIC,SUNLIGHT",真洋牌,多品牌
2093,迷珂宝（MILK BAOBAB）,待确认,中英混合
2094,"GENEX FORMULAS,FitLine",真洋牌,多品牌
2095,"FOUR NINES,LINDBERG",真洋牌,多品牌
2096,"CAPITA,FLUX",真洋牌,多品牌
2097,"雅莉格丝（Elegance）,ACQUA COLONIA NO.4711.",待确认,中英混合
2098,英伟达 NVIDIA,待确认,中英混合
2099,VAPE,真洋牌,短名
2100,"Elta MD,NAPOLEON PERDIS",真洋牌,多品牌
2101,"ETVOS,RMK",真洋牌,多品牌
2102,"科士威,金门高粱",待确认,中英混合
2103,兰芝（LANEIGE）,待确认,中英混合
2104,"九州,伊藤园（ITOEN）",待确认,中英混合
2105,"PAUL&JOE,酷韵（Cure Natural Aqua Jel　）",待确认,中英混合
2106,"美源（bigen）,福而可（FUEKI）",待确认,中英混合
2107,"近江兄弟社（OMI BROTHERHOOD）,春雨（PAPARECIPE）",待确认,中英混合
2108,"JOHN VARVATOS,BUXOM",真洋牌,多品牌
2109,SANKAIDOU,待确认,无法快速判断
2110,皇后的秘密,待确认,中英混合
2111,"LEFILLEO,颐莲（RELLET）",待确认,中英混合
2112,"施丹兰（STENDERS）,OPI",待确认,中英混合
2113,"COCOSILIYA,小城伊香（Xiaochengyixiang）",待确认,中英混合
2114,"果本（gooben）,高姿（COGI）",待确认,中英混合
2115,"维氏（VICTORINOX）,MEPAL",待确认,中英混合
2116,"颐莲（RELLET）,湘南",待确认,中英混合
2117,"罗娜女神,ORGINESE",待确认,中英混合
2118,"高丝（Kose）,MAQUILLAGE",待确认,中英混合
2119,"赛步,香港大药房",待确认,中英混合
2120,"SNIDEL BEAUTY,SUQQU",真洋牌,多品牌
2121,"APOTHEKE FRAGRANCE,Parfums de Marly",真洋牌,多品牌
2122,"琉球酒豪伝説,培克能",待确认,中英混合
2123,GEDICO,待确认,无法快速判断
2124,以纯（YISHion）,待确认,中英混合
2125,MINOIS PARIS,待确认,无法快速判断
2126,Liefmans,待确认,无法快速判断
2127,"LINDBERG,Dita",真洋牌,多品牌
2128,"PLIFT,桃瑞丹",待确认,中英混合
2129,"宜可诚（Ecostore）,碧户清（Briochin）",待确认,中英混合
2130,乐高教育,待确认,中英混合
2131,"艾优睿,安满（ANMUM）",待确认,中英混合
2132,"可菱水,HORI",待确认,中英混合
2133,"sesderma,Rosette",真洋牌,多品牌
2134,"蜜浓（MINON）,雅莉格丝（Elegance）",待确认,中英混合
2135,"爱慕莎（EMSA）,德国宝（German Pool）",待确认,中英混合
2136,"PAUL&JOE,Apagard",真洋牌,多品牌
2137,GROSJEAN,待确认,无法快速判断
2138,"得妈贝,卡诗 KERASTASE",待确认,中英混合
2139,"雅莉格丝（Elegance）,I-WAWA",待确认,中英混合
2140,"RYOBI,孔雀（Peacock）",待确认,中英混合
2141,"天安门,舍得",待确认,中英混合
2142,HR,真洋牌,短名
2143,禧贝（Happybaby）,待确认,中英混合
2144,"Amino mason,棕榄（PALMOLIVE）",待确认,中英混合
2145,"馥马尔,ANTONIO BANDERAS",待确认,中英混合
2146,"HABA,SNIDEL BEAUTY",真洋牌,多品牌
2147,"CHERRY,AOC",真洋牌,多品牌
2148,HERBATINT,待确认,无法快速判断
2149,"MENOKIN,HABA",真洋牌,多品牌
2150,"ARMA,AREA",真洋牌,多品牌
2151,"大白罐,fix&tox",待确认,中英混合
2152,"TITO’S HANDMADE VODKA,IGANOFF",真洋牌,多品牌
2153,CREED,真洋牌,短名
2154,"ausiki,可瑞康（karicare）",待确认,中英混合
2155,"野鸟（WILD BIRDS）,STANCE",待确认,中英混合
2156,"EUTHYMOL,Admire My Skin",真洋牌,多品牌
2157,都柏特（S.dubtnt）,待确认,中英混合
2158,"挺拔（TIBHAR）,GEWO",待确认,中英混合
2159,EARLY RIDER,待确认,无法快速判断
2160,乐毅积木,待确认,中英混合
2161,"mosh!,碧然德",待确认,中英混合
2162,"宝贝与我（Arla）,boiron",待确认,中英混合
2163,"珀莱雅双抗,娜涟",待确认,中英混合
2164,"欧缇丽（Caudalie）,雅莉格丝（Elegance）",待确认,中英混合
2165,爱顿博格（AnthonBerg）,待确认,中英混合
2166,Torriden,待确认,无法快速判断
2167,"UZU,RD",真洋牌,多品牌
2168,"KISS YOU,馬油保湿成分（horse oil）",待确认,中英混合
2169,JaneClare,待确认,无法快速判断
2170,"HTC,SPICARE",真洋牌,多品牌
2171,日本,待确认,中英混合
2172,"krups,百乐满（Paloma）",待确认,中英混合
2173,"Lil Critters,BRIONI",真洋牌,多品牌
2174,"GIRLS CRUSH GC,GIRLS CRUSH",真洋牌,多品牌
2175,活灵魂（ALMAVIVA）,待确认,中英混合
2176,TOOFRUIT,待确认,无法快速判断
2177,A 安生罗比,待确认,中英混合
2178,"krups,BODUM",真洋牌,多品牌
2179,"玛丽安保莱（MARIANNEBOLLE）,湘南",待确认,中英混合
2180,MAD ET LEN,待确认,无法快速判断
2181,CK,真洋牌,短名
2182,"mks,KAI贝印",待确认,中英混合
2183,"馥绿德雅（RENE FURTERER）,东方宝石（Tesori D’oriente）",待确认,中英混合
2184,黛尔珀（d'Alba）,待确认,中英混合
2185,"梵希,潘多拉（pandora）",待确认,中英混合
2186,"plackers,近江兄弟社（OMI BROTHERHOOD）",待确认,中英混合
2187,"PLIFT,娥佩兰（OPERA）",待确认,中英混合
2188,"3lab,德国世家（Dr.Hauschka）",待确认,中英混合
2189,CANMAKE,待确认,无法快速判断
2190,CAMETTE,待确认,无法快速判断
2191,Cancer Council,待确认,无法快速判断
2192,丽丝雅（Restoria）,待确认,中英混合
2193,"TAITO,FURYU",真洋牌,多品牌
2194,"高丝（Kose）,穆乐（MUHLE M）",待确认,中英混合
2195,ZM beauty,待确认,无法快速判断
2196,"资生堂（SHISEIDO PROFESSIONAL）,路丝（RAUSCH）",待确认,中英混合
2197,"乐喜力丝,奢貌",待确认,中英混合
2198,新秀丽,待确认,中英混合
2199,"舒雅（shuya）,乐基因（nalgene）",真洋牌,已知品牌
2200,美源（MEIYUAN）,待确认,中英混合
2201,"金钟酒庄（Chateau Angelus）,滴金庄园",待确认,中英混合
2202,"NUMBUZIN,麦迪安（Median）",待确认,中英混合
2203,TAL,真洋牌,短名
2204,SHIRO,真洋牌,短名
2205,"蜜浓（MINON）,高姿（COGI）",待确认,中英混合
2206,"玛尔斯（MARVIS）,高丝（Kose）",待确认,中英混合
2207,"徕本（HELLOLEIBOO）,UWANT",待确认,中英混合
2208,"皮尔卡丹（pierre cardin）,COOGI",待确认,中英混合
2209,"菲洛嘉（Filorga）,玛丽安保莱（MARIANNEBOLLE）",待确认,中英混合
2210,"SUSTYLE,ANYSMIC",真洋牌,多品牌
2211,"KINGDOM,莎娜（SANA）",待确认,中英混合
2212,"TO&FOR,美迪",待确认,中英混合
2213,"SANEI,KVK",真洋牌,多品牌
2214,"Filco,夏普",待确认,中英混合
2215,"FANOLA,怀尔德",待确认,中英混合
2216,"赛逸,吾诺（UNO）",待确认,中英混合
2217,"DUO,苏菲娜（Sofina）",待确认,中英混合
2218,"ecomed,凯伦诗（CLORIS）",待确认,中英混合
2219,"库克,Marcassin Vineyard",待确认,中英混合
2220,DOBO,真洋牌,短名
2221,"HTC,CREED",真洋牌,多品牌
2222,"高丝（Kose）,马油（LOSHI）",待确认,中英混合
2223,"象印,SKATER",待确认,中英混合
2224,SOFO,真洋牌,短名
2225,SUNSILK,待确认,无法快速判断
2226,"贵艾朗,嘉娜宝（KANEBO）",待确认,中英混合
2227,"凌博士,泊美（PURE＆MILD）",待确认,中英混合
2228,"高丝（Kose）,秀肤生（Cell Fusion C）",待确认,中英混合
2229,"卡慕（CAMUS）,野格（Jagerneister）",待确认,中英混合
2230,优鲜沛（Ocean Spray）,待确认,中英混合
2231,"荷诺（histoire naturelle）,碧波曼（BOM）",待确认,中英混合
2232,"TRANSPARENT,krups",真洋牌,多品牌
2233,欧倍青（Alpecin）,待确认,中英混合
2234,安努克（AnCnoc）,待确认,中英混合
2235,HARIO,真洋牌,短名
2236,"惠人（HuiRen）,摩飞电器（Morphyrichards）",待确认,中英混合
2237,"水之璨（suisai）,ETVOS",待确认,中英混合
2238,"特福（Tefal）,日立（HITACHI）",待确认,中英混合
2239,"高丝（Kose）,sesderma",待确认,中英混合
2240,"馥绿德雅（RENE FURTERER）,雅莉格丝（Elegance）",待确认,中英混合
2241,"阿彼芙（ABIB）,欧蕙（OHUI）",待确认,中英混合
2242,"德国宝（German Pool）,铂富（Breville）",待确认,中英混合
2243,"HABA,Original Sprout",真洋牌,多品牌
2244,"橘滋（Juicy Couture）,艾天然（Attenir）",待确认,中英混合
2245,阿彼芙（ABIB）,待确认,中英混合
2246,"秀肤生（Cell Fusion C）,碧迪皙（PDC）",待确认,中英混合
2247,"麦迪安（Median）,CHARLOTTE TILBURY（CT）",待确认,中英混合
2248,"SHEVEU,安瓶（CEMOY）",待确认,中英混合
2249,"雅莉格丝（Elegance）,爱敬（AEKYUNG）",待确认,中英混合
2250,露华浓,待确认,中英混合
2251,"冠军（Champion）,特福（Tefal）",待确认,中英混合
2252,"AKASHI,越之忍（KOSHI NO SHINOBU）",待确认,中英混合
2253,"穆乐（MUHLE M）,汉美驰（Hamilton Beach）",待确认,中英混合
2254,"摩飞电器（Morphyrichards）,德龙(delong)",待确认,中英混合
2255,"他她语录（TATAYULU）,芭乐雅（Balea）",待确认,中英混合
2256,"摩飞（mofei）,惠人",待确认,中英混合
2257,"德美丝,DHC",待确认,中英混合
2258,朱栈（red chamber）,待确认,中英混合
2259,FLEUR DE PARIS,待确认,无法快速判断
2260,"NINJA,ASCOT",真洋牌,多品牌
2261,"Primal Kitchen,Julian Bakery",真洋牌,多品牌
2262,"伟龙 始于1993,ottogi",待确认,中英混合
2263,"PRICELINE,蜜浓（MINON）",待确认,中英混合
2264,"资生堂（SHISEIDO PROFESSIONAL）,嘉娜宝（KANEBO）",待确认,中英混合
2265,DEMAF,真洋牌,短名
2266,ANTIO,真洋牌,短名
2267,"维蕾德（WELEDA）,Klosterfrau",待确认,中英混合
2268,"森下仁丹（Jintan）,Neosporin",待确认,中英混合
2269,"何物,千妍",待确认,中英混合
2270,宾利（Bentley）,待确认,中英混合
2271,"资生堂（SHISEIDO PROFESSIONAL）,milbon",待确认,中英混合
2272,钜记饼家,待确认,中英混合
2273,"MAJESTY,OOFOS",真洋牌,多品牌
2274,"韩方五谷,THREE",待确认,中英混合
2275,德国宝（German Pool）,待确认,中英混合
2276,"PADRE,阿佩罗（APEROL）",待确认,中英混合
2277,凯乐石薄荷,待确认,中英混合
2278,eone,真洋牌,短名
2279,"HONEY ROA,玛丽安保莱（MARIANNEBOLLE）",待确认,中英混合
2280,"爱诗魅（LABORATOIRE DERMATOLOGIQUE ACM）,维蕾德（WELEDA）",待确认,中英混合
2281,"PRICELINE,近江兄弟社（OMI BROTHERHOOD）",待确认,中英混合
2282,"Aderia,丸モ高木陶器",待确认,中英混合
2283,"CIAO,西莎（CESAR）",待确认,中英混合
2284,"金达（KANDA）,ic!berlin",待确认,中英混合
2285,"CASETiFY,NINJA",真洋牌,多品牌
2286,"imarflex,Tescom",真洋牌,多品牌
2287,ROXY,真洋牌,短名
2288,"颐莲（RELLET）,BIO",待确认,中英混合
2289,CecileMaia,待确认,无法快速判断
2290,"NE:AR,八道（PALDO）",待确认,中英混合
2291,"Panama Jack,KDOPA",真洋牌,多品牌
2292,"小蓝瓶（TAKAMI）,HTC",待确认,中英混合
2293,"GA,COVERMARK",真洋牌,多品牌
2294,Morelax,待确认,无法快速判断
2295,"RMK,Fas-Fas",真洋牌,多品牌
2296,"宫本川,珂莱欧（CLIO）",待确认,中英混合
2297,LUSH,真洋牌,短名
2298,inflation,待确认,无法快速判断
2299,"peripera,益教授",待确认,中英混合
2300,"sesderma,COW BRAND",真洋牌,多品牌
2301,"咀香园,钜记饼家",待确认,中英混合
2302,OLIVIAM,待确认,无法快速判断
2303,"建伍（KENWOOD）,AOC",待确认,中英混合
2304,"Nuface,特福（Tefal）",待确认,中英混合
2305,Mama&Kids,待确认,无法快速判断
2306,"REMINESSANCE,得康氧",待确认,中英混合
2307,"安娜柏林（Annemarie Borlind）,德国世家（Dr.Hauschka）",待确认,中英混合
2308,"资生堂（SHISEIDO PROFESSIONAL）,雅莉格丝（Elegance）",待确认,中英混合
2309,Dariya,待确认,无法快速判断
2310,"PAUL&JOE,德国魅影（KRYOLAN）",待确认,中英混合
2311,"怡思丁（ISDIN）,olaplex",待确认,中英混合
2312,春雨（Papa recipe）,待确认,中英混合
2313,"鹿角巷（MILKTEA）,卡比乐",待确认,中英混合
2314,"YASAKA,伟易达（Vtech）",待确认,中英混合
2315,"LINDBERG,LUNOR",真洋牌,多品牌
2316,"海旅免,松井（THE MATSUI）",待确认,中英混合
2317,"德妃,颐莲（RELLET）",待确认,中英混合
2318,MADONNA,待确认,无法快速判断
2319,"JUNOBIO,YSL",真洋牌,多品牌
2320,"花姿菓色（naturaglace）,雅莉格丝（Elegance）",待确认,中英混合
2321,"薇薇安西太后,BOSS HUGO BOSS",待确认,中英混合
2322,"HABA,COVERMARK",真洋牌,多品牌
2323,"日立（HITACHI）,ICOM",待确认,中英混合
2324,利善维,待确认,中英混合
2325,JEEP,真洋牌,短名
2326,"一叶子 ONE LEAF,爱敬（AEKYUNG）",待确认,中英混合
2327,"高丝（Kose）,CECILE MAIA",待确认,中英混合
2328,"杞他她（QITATA）,她及其他",待确认,中英混合
2329,"PERFECT MOMENT,ALO YOGA",真洋牌,多品牌
2330,Kusa,真洋牌,短名
2331,纪梵哲,待确认,中英混合
2332,"dr.arrivo,Nuface",真洋牌,多品牌
2333,"德国魅影（KRYOLAN）,SUQQU",待确认,中英混合
2334,MIKIMOTO,待确认,无法快速判断
2335,"ALO YOGA,Selmark",真洋牌,多品牌
2336,永谷园,待确认,中英混合
2337,瑞妍（cellcosmet）,待确认,中英混合
2338,"索爱,艾泰克ATK",待确认,中英混合
2339,"WATUS,MOOV",真洋牌,多品牌
2340,苏秘37°（Su:m37°）,待确认,中英混合
2341,SIDAS,真洋牌,短名
2342,"高丝（Kose）,PANPURI",待确认,中英混合
2343,丽芝士,待确认,中英混合
2344,"ALO YOGA,纪思梵",待确认,中英混合
2345,R&F,真洋牌,短名
2346,"HTC,雅莉格丝（Elegance）",待确认,中英混合
2347,"Freeze Frame,近江兄弟",待确认,中英混合
2348,PK,真洋牌,短名
2349,"ZEAL,一叶子 ONE LEAF",待确认,中英混合
2350,"川崎（KWSK）,皓乐齿（Ora2）",待确认,中英混合
2351,L.A. GIRL,待确认,无法快速判断
2352,"建伍（KENWOOD）,伊莱克斯（Electrolux）",待确认,中英混合
2353,"Dermaroller,GALLITH",真洋牌,多品牌
2354,"glorious,SHARPER IMAGE",真洋牌,多品牌
2355,美浮特,待确认,中英混合
2356,"美诺（MIELE）,日立（HITACHI）",待确认,中英混合
2357,"嫒碧知,FLORIS",待确认,中英混合
2358,"日立（HITACHI）,GAGGENAU",待确认,中英混合
2359,"Freeze Frame,雅莉格丝（Elegance）",待确认,中英混合
2360,"一叶子 ONE LEAF,颐莲（RELLET）",待确认,中英混合
2361,JACK WOLFSKIN,待确认,无法快速判断
2362,高丽雅娜（Coreana）,待确认,中英混合
2363,"NINJA,美诺（MIELE）",待确认,中英混合
2364,"ALO,ALO YOGA",真洋牌,多品牌
2365,"神田,三禾",待确认,中英混合
2366,"雅莉格丝（Elegance）,瑞妍（cellcosmet）",待确认,中英混合
2367,"KESALAN PATHARAN,excel",真洋牌,多品牌
2368,玛尔斯（MARVIS）,待确认,中英混合
2369,"摩音,一兰（ICHIRAN）",待确认,中英混合
2370,"NUK,赫巴兹（HZIB）",待确认,中英混合
2371,"YSL,Alo Yoga",真洋牌,多品牌
2372,"皮尔卡丹（pierre cardin）,汉美驰（Hamilton Beach）",待确认,中英混合
2373,"FITBIT,美诺（MIELE）",待确认,中英混合
2374,"高丝（Kose）,馥绿德雅（RENE FURTERER）",待确认,中英混合
2375,"斯蒂万（SteamOne）,特福（Tefal）",待确认,中英混合
2376,"茱莉蔻,皑丽",待确认,中英混合
2377,"美诺（MIELE）,WHOOP",待确认,中英混合
2378,"真维斯（Jeanswest）,汉尼（HANY）",待确认,中英混合
2379,贝茗（Bare Minerals）,待确认,中英混合
2380,珀莱雅双抗,待确认,中英混合
2381,"林清轩 山茶花护肤,方里（FUNNY ELVES）",待确认,中英混合
2382,"DR.DH,德妃（DERMAFIRM）",待确认,中英混合
2383,"玛丽安保莱（MARIANNEBOLLE）,CHARLOTTE TILBURY（CT）",待确认,中英混合
2384,MANIC PANIC,待确认,无法快速判断
2385,"WWOOR,日立（HITACHI）",待确认,中英混合
2386,"UZUPRO,利维肤（Revive）",待确认,中英混合
2387,卡尼尔（Garnier）,待确认,中英混合
2388,"dr.arrivo,博朗菲（Borownfie）",待确认,中英混合
2389,Silk'n,真洋牌,短名
2390,"MT METATRON,花姿菓色（naturaglace）",待确认,中英混合
2391,"Ark Naturals,Stranger Things",真洋牌,多品牌
2392,"Original Sprout,MUSTELA",真洋牌,多品牌
2393,OFF-WHITE C/O VIRGIL ABLOH,真洋牌,多品牌
2394,爱步定,待确认,中英混合
2395,"PRICELINE,德国魅影（KRYOLAN）",待确认,中英混合
2396,帕拉索,待确认,中英混合
2397,"A BATHING APE,BEAMS",真洋牌,多品牌
2398,"CHARLOTTE TILBURY（CT）,瑞妍（cellcosmet）",待确认,中英混合
2399,"ALO YOGA,NOVESTA",真洋牌,多品牌
2400,"Nuface,Silk'n",真洋牌,多品牌
2401,米勒·海莉诗（Miller Harris）,待确认,中英混合
2402,Cabaku,待确认,无法快速判断
2403,"itel,C",真洋牌,多品牌
2404,"利维肤（Revive）,瑞妍（cellcosmet）",待确认,中英混合
2405,"Noeme,施丹兰（STENDERS）",待确认,中英混合
2406,"PNY,skagen",真洋牌,多品牌
2407,"艾杜莎（Ettusais）,SUQQU",待确认,中英混合
2408,"贝茗（Bare Minerals）,it cosmetics",待确认,中英混合
2409,"华尔（WAHL）,POKALEN",待确认,中英混合
2410,Ka,真洋牌,短名
2411,"瑞铂希（REPACELL）,雪肌精（SEKKISEI）",待确认,中英混合
2412,"皮尔卡丹（pierre cardin）,范琦（Fanci）",待确认,中英混合
2413,富士,待确认,中英混合
2414,"Creer Beaute,CHARLOTTE TILBURY（CT）",真洋牌,多品牌
2415,"RMK,ADDICTION",真洋牌,多品牌
2416,伊索（AESOP）,待确认,中英混合
2417,"萨拉维夫（SLLAVIF）,HR",待确认,中英混合
2418,"VERMICULAR,±0",真洋牌,多品牌
2419,"CELIMAX,SKIN 1004",真洋牌,多品牌
2420,"资生堂（SHISEIDO PROFESSIONAL）,SUQQU",待确认,中英混合
2421,VENUM,真洋牌,短名
2422,"DUP,CLUB",真洋牌,多品牌
2423,"秀肤生（Cell Fusion C）,UZUPRO",待确认,中英混合
2424,"POLA,艾杜莎（Ettusais）",待确认,中英混合
2425,"mosh!,SKIMS",真洋牌,多品牌
2426,"图丽（TOKINA）,WWOOR",待确认,中英混合
2427,"lavy,维蕾德（WELEDA）",待确认,中英混合
2428,CoCoChi,待确认,无法快速判断
2429,"CREED,爱敬（AEKYUNG）",待确认,中英混合
2430,凯朵（KATE）,待确认,中英混合
2431,"UWANT,BLAUPUNKT",真洋牌,多品牌
2432,ALO YOGA,待确认,无法快速判断
2433,"D二次方（DSquared2）,巴尔曼（BALMAIN）",待确认,中英混合
2434,"AROUGE,花姿菓色（naturaglace）",待确认,中英混合
2435,"建伍（KENWOOD）,网件（NETGEAR）",待确认,中英混合
2436,"IN ESSENCE,INSRE",真洋牌,多品牌
2437,PRICELINE,待确认,无法快速判断
2438,"美诺（MIELE）,先锋（Pioneer）",待确认,中英混合
2439,"Elta MD,cure",真洋牌,多品牌
2440,BHARAL,待确认,无法快速判断
2441,"caravan,GOLDWIN",真洋牌,多品牌
2442,DECORRACK,待确认,无法快速判断
2443,"建伍（KENWOOD）,JBL",待确认,中英混合
2444,"施丹兰（STENDERS）,INSRE",待确认,中英混合
2445,LODGE,真洋牌,短名
2446,"Goldwell,艾梵达（AVEDA）",待确认,中英混合
2447,博乐达（BRODA）,待确认,中英混合
2448,"moira,碧唇（Blistex）",待确认,中英混合
2449,MONCLOS,待确认,无法快速判断
2450,W.DRESSROOM,待确认,无法快速判断
2451,"雪花秀,资生堂（SHISEIDO PROFESSIONAL）",待确认,中英混合
2452,蜜浓（MINON）,待确认,中英混合
2453,碧然德,待确认,中英混合
2454,"Vitamix,Nakamichi",真洋牌,多品牌
2455,"建伍（KENWOOD）,JEEP",待确认,中英混合
2456,伊丽莎白.雅顿,待确认,中英混合
2457,"KENWOOD,ICOM",真洋牌,多品牌
2458,"迪桑特,SIMMS",待确认,中英混合
2459,"日立（HITACHI）,伊顿（Eaton）",待确认,中英混合
2460,Spa treatment,待确认,无法快速判断
2461,尚南堂,待确认,中英混合
2462,GORDON & MACPHAIL,待确认,无法快速判断
2463,"施丹兰（STENDERS）,本 肌本道",待确认,中英混合
2464,"美诺（MIELE）,ICOM",待确认,中英混合
2465,PORA,真洋牌,短名
2466,"Franck Olivier,古巴（Cuba）",待确认,中英混合
2467,"Kangol,ALO YOGA",真洋牌,多品牌
2468,PB,真洋牌,短名
2469,"雅莉格丝（Elegance）,怡思丁（ISDIN）",待确认,中英混合
2470,GOSEN,真洋牌,短名
2471,百雀羚一刻,待确认,中英混合
2472,"本 肌本道,AI HE RUI",待确认,中英混合
2473,"日立（HITACHI）,艾尚俪",待确认,中英混合
2474,"CHERRY,日立（HITACHI）",待确认,中英混合
2475,"秀肤生（Cell Fusion C）,利维肤（Revive）",待确认,中英混合
2476,COVERMARK,待确认,无法快速判断
2477,"COW,CANMAKE",真洋牌,多品牌
2478,"西伯利亚（XIBERIA）,山水（SANSUI）",待确认,中英混合
2479,"艾杜莎（Ettusais）,丽珠兰（REJURAN）",待确认,中英混合
2480,珂莱欧（CLIO）,待确认,中英混合
2481,七容,待确认,中英混合
2482,"古兰驰（GULANCHI）,雅莉格丝",待确认,中英混合
2483,REPRESENT,待确认,无法快速判断
2484,Deonatulle,待确认,无法快速判断
2485,NOTHING,待确认,无法快速判断
2486,凯伍德（KENWOOD）,待确认,中英混合
2487,曼多贝尔MONDOBELL,待确认,中英混合
2488,"资生堂（SHISEIDO PROFESSIONAL）,苏秘37°（Su:m37°）",待确认,中英混合
2489,欧缇丽（Caudalie）,待确认,中英混合
2490,"菲洛嘉（Filorga）,Laura Mercier",待确认,中英混合
2491,"Tabata,迪士尼（Disney）",待确认,中英混合
2492,SKIMS,真洋牌,短名
2493,"YSL,MIKIMOTO",真洋牌,多品牌
2494,SMOOTHSKIN,待确认,无法快速判断
2495,"AMIRI,BARENA",真洋牌,多品牌
2496,施丹兰（STENDERS）,待确认,中英混合
2497,"牙米滋,孔雀（Peacock）",待确认,中英混合
2498,宝可梦,待确认,中英混合
2499,"生鲜本能（instinct）,渴望（Orijen）",待确认,中英混合
2500,水之璨（suisai）,待确认,中英混合
2501,"露华浓,薇姿（VICHY）",待确认,中英混合
2502,利维肤（Revive）,待确认,中英混合
2503,"Kindle,伊莱克斯（Electrolux）",待确认,中英混合
2504,SABON,真洋牌,短名
2505,"COVERMARK,雅莉格丝（Elegance）",待确认,中英混合
2506,"摩飞电器（Morphyrichards）,Wedgwood",待确认,中英混合
2507,"WHOOP,ICOM",真洋牌,多品牌
2508,"Aura Cacia,CAMILLE ROSE",真洋牌,多品牌
2509,微单,待确认,中英混合
2510,ADDICTION,待确认,无法快速判断
2511,"施图霖（Stuhrling）,安妮克莱因（ANNE KLEIN）",待确认,中英混合
2512,DPK,真洋牌,短名
2513,"沙驰（SATCHI）,摩飞电器（Morphyrichards）",待确认,中英混合
2514,网件（NETGEAR）,待确认,中英混合
2515,HABA,真洋牌,短名
2516,"AOC,WHOOP",真洋牌,多品牌
2517,"谷雨（GOODWAY）,薇姿（VICHY）",待确认,中英混合
2518,"AOC,OURA",真洋牌,多品牌
2519,Mountain Hardwear,待确认,无法快速判断
2520,"网件（NETGEAR）,荣事达（Royalstar）",待确认,中英混合
2521,"艾尔玛诺·谢尔维诺（ERMANNO SCERVINO）,S MAX MARA",待确认,中英混合
2522,"By Kilian,馥马尔",待确认,中英混合
2523,"ALO YOGA,G FORE",真洋牌,多品牌
2524,悠莱,待确认,中英混合
2525,"山雾花野（Flower Mountain）,泰尼飞（Tecnifibre）",待确认,中英混合
2526,NOEVIR,待确认,无法快速判断
2527,MSGM,真洋牌,短名
2528,"德国唯宝（Villeroy&Boch）,JEEP",待确认,中英混合
2529,沃尔夫冈（WOLFGANG）,待确认,中英混合
2530,"ALO YOGA,FILSON",真洋牌,多品牌
2531,"红狼（RED WOLF）,SPORLASTIC",待确认,中英混合
2532,CARITA凯芮黛,待确认,中英混合
2533,"FITBIT,AOC",真洋牌,多品牌
2534,沙驰（SATCHI）,待确认,中英混合
2535,"DUNST,ALO YOGA",真洋牌,多品牌
2536,"恏缘精品,Hello Kitty",待确认,中英混合
2537,"塔思琦,REALISATION PAR",待确认,中英混合
2538,"Kindle,伊顿（Eaton）",待确认,中英混合
2539,CHERRY,存疑,已核验
2540,Kindle,待确认,无法快速判断
2541,"杜莎蕾奴,KAGAMI",待确认,中英混合
2542,"AOC,德国宝（German Pool）",待确认,中英混合
2543,REXL,真洋牌,短名
2544,新百伦,待确认,中英混合
2545,"百斯锐（Bestray）,COOGI",待确认,中英混合
2546,"HEGEN,SKATER",真洋牌,多品牌
2547,艾丽美（ELEMIS）,待确认,中英混合
2548,"斐泉（fiji）,中原（TRUNG NGUYEN）",待确认,中英混合
2549,"DUNLOP,Victas",真洋牌,多品牌
2550,"菲利普（PHILLIPS）,SWANS",待确认,中英混合
2551,"铂富（Breville）,REMARKABLE",待确认,中英混合
2552,"网件（NETGEAR）,魔声（Monster）",待确认,中英混合
2553,"BAKER SKATEBOARDS,ALO YOGA",真洋牌,多品牌
2554,"Essential Parfums,芦丹氏（SergeLutens）",待确认,中英混合
2555,AMIRI,真洋牌,短名
2556,Laurel,待确认,无法快速判断
2557,"维氏（VICTORINOX）,生鲜本能（instinct）",待确认,中英混合
2558,"DRIES VAN NOTEN,Vince",真洋牌,多品牌
2559,"Sydney Evan,S MAX MARA",真洋牌,多品牌
2560,"DSQUARED2,WILLY CHAVARRIA",真洋牌,多品牌
2561,"AMIRI,FIORUCCI",真洋牌,多品牌
2562,"网件（NETGEAR）,美膳雅（CUISINART）",待确认,中英混合
2563,Q,真洋牌,短名
2564,"皮尔卡丹（pierre cardin）,LODGE",待确认,中英混合
2565,威格（Wrangler）,待确认,中英混合
2566,"ALO YOGA,史克威尔艾尼克斯（SQUARE ENIX）",待确认,中英混合
2567,"山水（SANSUI）,吉年瓦兰",待确认,中英混合
2568,GOYARD,待确认,无法快速判断
2569,"安妮克莱因（ANNE KLEIN）,FILSON",待确认,中英混合
2570,"KJUS,尼克松（Nixon）",待确认,中英混合
2571,"网件（NETGEAR）,Kindle",待确认,中英混合
2572,葆丽美（Suisse Programme）,待确认,中英混合
2573,艾杜莎（Ettusais）,待确认,中英混合
2574,JBL,真洋牌,短名
2575,"宝路华（BULOVA）,G FORE",待确认,中英混合
2576,颐莲（RELLET）,待确认,中英混合
2577,G FORE,真洋牌,短名
2578,安妮克莱因（ANNE KLEIN）,待确认,中英混合
2579,"OOFOS,坎戈尔袋鼠（KANGOL）",待确认,中英混合
2580,Kinto,真洋牌,短名
2581,AOC,真洋牌,短名
2582,"Buly1803,Rituals",真洋牌,多品牌
2583,百斯锐（Bestray）,待确认,中英混合
2584,REALISATION PAR,待确认,无法快速判断
2585,"visvim,Kiton",真洋牌,多品牌
2586,OFF WHITE,待确认,无法快速判断
2587,"THEORY,Kendra Scott",真洋牌,多品牌
2588,诺基亚（NOKIA）,待确认,中英混合
2589,"Kiton,GIANNI CHIARINI",真洋牌,多品牌
2590,"G FORE,GOLDWIN",真洋牌,多品牌
2591,SUPREME,待确认,无法快速判断
2592,康佳（KONKA）,待确认,中英混合
2593,"JACQUEMUS,PDPAOLA",真洋牌,多品牌
2594,"sera,迪士尼（Disney）",待确认,中英混合
2595,"AOC,富士施乐（Fuji Xerox）",待确认,中英混合
2596,"YASAKA,NEW ERA",真洋牌,多品牌
2597,世界地理（WORLD  GEOGRAPHY）,待确认,中英混合
2598,BUTTERFLY,待确认,无法快速判断
2599,Zippo,真洋牌,短名
2600,superdry,待确认,无法快速判断
2601,黑莓（BlackBerry）,待确认,中英混合
2602,"宝路华（BULOVA）,STUHRLING",待确认,中英混合
2603,"G FORE,Kendra Scott",真洋牌,多品牌
2604,THEORY,待确认,无法快速判断
2605,"JACQUEMUS,Kendra Scott",真洋牌,多品牌
2606,"G FORE,奥尔多（aldo）",待确认,中英混合
