序号,品牌
1,bioagen
2,闻绮（Venchi）
3,OHBT
4,格兰凯恩（GLENCAIRN）
5,karivita
6,ARGAN SECRET
7,RE JU LAB
8,"Dr.Forster,RHYMBA HILLS"
9,藏（KURA）
10,ETIAXIL
11,POLYPURE EX
12,TRIDERMA MD
13,Healthy Care
14,ORFEU
15,Timberwolf
16,SAWYER
17,GOCCO
18,DERMEDIC
19,SUNTA
20,A CASALBERT SINCE 1959
21,NACJOM
22,EasPowest
23,犀補灵
24,etre su
25,"Nature's Truth,Hydrodol"
26,DR.WOSSEN
27,Svecymikov
28,BLANCO
29,BIOBLAS
30,"TOMMY TRUCKER,KLWP"
31,Beyoğlu Chocolate
32,Hoxuntu
33,三丽鸥（SANRIO）
34,"CKQ,SilkCarda"
35,RUVWOZS
36,AUINONE
37,OMIE
38,莱家（LOACKER）
39,SPRING SHEEP
40,丝塔芙
41,吉百利（Cadbury）
42,水晶番茄（CRYSTAL TOMATO）
43,RESONAC
44,LISM
45,Skin Technology
46,Nestle
47,潇洒（SELSUN）
48,"菊正宗,鸟海誉"
49,BIOXCIN
50,CIGGI
51,Tillagello
52,"美香,LOTUS RICE Flavour of Vietnam"
53,GINSSEN
54,MAGIOPY
55,CHARM野性魅力
56,"羅刹海,梅竹籣"
57,"贺寿利（Healtheries）,Diploma"
58,AYMDLY
59,FREE EYES
60,LITTLE GIANT
61,"斯高堡SKOTTSBERG,格兰凯恩（GLENCAIRN）"
62,ONEDEW
63,beaf
64,CMD Naturkosmetik
65,Aki Lab
66,雾湾（MISTY COVE）
67,Caotina
68,GINGKE
69,VITALIFE
70,WHITTARD
71,惠康
72,Little Remedies
73,轩尼诗Hennessy
74,BLUE LAKE MILLING
75,BRAHMAPRATHAN
76,Crusty's
77,"田岛硝子,格兰凯恩（GLENCAIRN）"
78,BOWO
79,Restorex
80,Durrell
81,BENOSTAN NATURE'S TREATMENT
82,MALORY
83,"GABRIEL-GLAS,SAINT-LOUIS"
84,MeeSend
85,老瑤薑
86,FVRYD
87,奥纯冠（Nature One Dairy）
88,东鹏 东鹏饮料
89,Liperson
90,快乐一爪
91,"沃尔克斯（Walkers）,Waitrose"
92,本叮叮
93,Ausiki
94,植护
95,"Westmalle TRAPPIST,修道院（La Trappe）"
96,ahuhu
97,丽康丝（NIOXIN）
98,AF 1870 SINCE 1870 ANTONIO FACCHIN
99,"费登斯,击倒巨人"
100,ProNuCare
101,KESH KING
102,BRETT JOHNSON
103,ANNAMAET
104,TO-PLAN
105,AZ-GRANATA
106,NOSSKISS
107,DEAURORA
108,REPLENIX
109,"四万十川,黑牛（heiniu）"
110,SOFFELL
111,耶馬美人
112,旭福益节
113,Amerpin
114,SAKURAIM
115,Diploma
116,旧街场（OLDTOWN）
117,MOEDU
118,SCARLYSE
119,Rodipet
120,银座美健（Ginza·BK）
121,"济众堂,HANWOOD"
122,Castus
123,AwaRua
124,壹品（EAPING）
125,ostte
126,MAEHUE
127,卧佛
128,PALMARAE
129,奢驰路易（SECHILOUIS）
130,Orukis
131,"樱正宗,菊姫"
132,盟利
133,布琅兄弟酒庄（Brown Brothers）
134,"Sashas,克劳德医生（Dr.Clauder′s）"
135,康如（KLORANE）
136,LoveLiner
137,LITTLEOAK
138,NATURE ONE DAIRY
139,Daerlucky
140,ベイビーサポート（Baby Support）
141,"RapidBrow,RAPIDHAIR"
142,Three-Tree
143,"Arla,宝贝与我（Arla）"
144,KARLSSON
145,"Dr.Dominic,太田胃散"
146,爱薇牛（jersey）
147,Dulce Vida
148,GLORIPETGO
149,"3泉（3 Fonteinen）,Liefmans"
150,坤格（Kronsegler）
151,Camelstory
152,PEIVOB
153,"二宝（Nimm2）,yumearth"
154,NATIVE HARVEST
155,拉菲罗斯柴尔德男爵酒业
156,三橡树
157,VDJ
158,Damebb
159,STADA (史达德)
160,"Horizon Organic,SILK"
161,ausiki
162,comoace
163,"MAGIOPY,DENTONSZHE"
164,蜜兰达（NZGOLDHEALTH）
165,Vivaland
166,高活コウカツ
167,Les sacs Adam
168,BRAGG
169,黑酢家
170,STEINBERG
171,Bebilon
172,MER BLEUE
173,"沃尔克斯（Walkers）,FAMILIE"
174,TOMMY TRUCKER
175,lucas' papaw remedies
176,DVHNMK
177,FINK STUDIO
178,FRIIS-HOLM
179,握手
180,ThreeGeese
181,JIUJA
182,施密特世家（Schmitt Söhne）
183,doddL
184,么鳳士多（YIUFUNGSTORE）
185,法兹（FineSky）
186,Frontier Co-op
187,OLOEY
188,GREEN BELL
189,"MONTES,THE ORIENT"
190,萬時發（M MAXLUCKY）
191,双莲（Twin Lotus）
192,KINGPOWER
193,"Ausiki,银座美健（Ginza·BK）"
194,XJSGS
195,milbon
196,Lisozo
197,Austin
198,Yisop
199,TOME BKOWAIE
200,Sunsweet
201,"Misiones de Rengo,Riporta"
202,Leypian
203,HOXTON
204,Vere Parker London
205,"POLO WEAR SPORT,POLO WEAR"
206,POLO CLUB ENGLAND
207,Casira Kaviar
208,"LISM,LIIS"
209,LIIS
210,Dudant
211,CALYPSO
212,Eres
213,oein
214,Wirpta
215,"Homesee,LIIS"
216,TFNDATNH
217,WVD
218,SGJ
219,"TOMMY TRUCKER,MAGIOPY"
220,"LISCN,LISM"
221,Whynot
222,MNSMIN
223,WELLS & CO
224,COVA
225,"LIIS,RUVWOZS"
226,NOSOYO
227,Khwfjas
228,AWACHI
229,NOBLE AURA
230,WOATI
231,Ebonka
232,"ONEDEW,SUNTTAUN"
233,Bramim
234,LECEN
235,SXMM
236,"OLOEY,oein"
237,"LISI,LISM"
238,"NOSSKISS,Rewi"
239,ANYSMIC
240,Thintime
241,OEMG
242,PAGKAVIO
243,AIOSC
244,LVLA
245,RSY
246,QQK
247,EUGENE & CO.
248,SUSTYLE
249,ZKHE
250,"OEMG,LISM"
251,EARTH MAMA
252,DENTONSZHE
253,MAGT
254,AMATHLETE
255,十四代
256,"Reessy,TOMMY TRUCKER"
257,"美浓烧,美濃焼"
258,KK
259,Ehangy
260,ODYBIRD
261,DATALAND
262,Seiban
263,"四万十川,荣光芳春"
264,EVERIO
265,oeim
266,"OEMG,OIMG"
267,TJQ
268,"bb+ Baby Plus,WEMUG"
269,PHILIP B
270,寧品匯
271,BOHEMIA
272,固洛克
273,GoldenGobi
274,"菊正宗,醉鲸"
275,"黑牛（heiniu）,锅岛"
276,Selmark
277,SOFI
278,SODASAN
279,"马爹利名士,轩尼诗"
280,Sailwind
281,赞斯特
282,TPZBWG
283,Lululun
284,MOONY
285,"NEW MO,LEXILIS"
286,"新发,NEW MO"
287,DIFANPU
288,"OATSIDE,OATLY"
289,蒙特斯（MONTES）
290,"AQUA BLOX,BLUE CAN"
291,ZUV
292,"OEMG,柯准"
293,KUNDAL
294,COOGI
295,"菊正宗,遊穗"
296,SUNTTAUN
297,"切洛家族（BACCOLO）,星空莫斯卡托（Moscato d' Asti）"
298,Airmiuu
299,TEKBER
300,CUCB
301,"哥伦布斯（COLUMBUS）,SHOEBOY`S"
302,澳爸厨房
303,GRL
304,Turkey Hill Sugarbush
305,G7 COFFEE
306,"世家兰铎（SegafredoZanetti）,拉瓦萨（LAVAZZA）"
307,SHEVEU
308,玫丽素
309,CHUCHU
310,NEWMDER
311,mollale
312,"BACHA,ostte"
313,LURSON
314,FARCOKO
315,"LEXILIS,野付"
316,Perfect potion
317,TAUPO PURE
318,Ci
319,QAISAR
320,Kryolan
321,爱敬（AEKYUNG）
322,SOEOS
323,"哈奴曼,SOFFELL"
324,"小李子（LEONARDO）,MACS"
325,"101CAFFE,AF 1870 SINCE 1870 ANTONIO FACCHIN"
326,"雨後の月,天美"
327,DOFANKIN
328,"SUMDOY,SKISGEM"
329,EXPRESSIONS
330,"CCOKIO,倍思雅（pixysart）"
331,OIZ
332,Hero Baby
333,"大塚制药,大正"
334,HOSIKA
335,"SUNTTAUN,Rofagy"
336,"萨摩隼人,貴"
337,何太医（DR.HE）
338,诺崔特（Natur Top）
339,"NORGATE,Kurmitay"
340,Truefitt&Hill
341,"撒隆,绿情蓓（naturebud）"
342,"嘉加玩具（Plus-plus）,fischertechnik"
343,拉薇（Lavera）
344,"遊穗,樱正宗"
345,挑咖
346,"锅岛,四万十川"
347,AWNL
348,ROSIEN
349,"科拿（Conaprole）,妙可（Mlekovita）"
350,Alpensalz
351,"猛虎通关,金老虎"
352,"路特斯（LOTUS NYO）,COLIBRI"
353,"红印（Red seal）,red seal"
354,MIFIKO
355,KINCHO
356,"SINANO1,クロスタニン　藻類DHAカプセル"
357,BathSmell
358,"LOVE,AFARE,BONZ"
359,克奈圃（Kneipp）
360,‌JCPenney
361,AuRtOP
362,OUATE
363,DU'IT
364,PS. PRETTYSKIN.
365,"Mamba,二宝（Nimm2）"
366,纪思梵
367,iFACE
368,KoalaMan
369,"OLJ,Rewi"
370,ning
371,Artchic
372,"WOPUKA,SEDATE"
373,YIVIKII
374,lavy
375,PELLER ESTATES
376,BRUNO
377,Oli6
378,卡洛塔妮
379,OVZ
380,MUTO
381,SACELLEC BEAUTE
382,Aromat Herbs
383,Hansen Living
384,IN ESSENCE
385,"燃力士,PRIME"
386,"尊马油,Dr.Select"
387,"NUDE努德,田岛硝子"
388,AIRBUGGY
389,oocoo
390,VITALESSENTIALS
391,"Cornette,伊段（ＹＩＤＵＡＮ）"
392,"秀凤,龟泉"
393,新生命凝胶
394,Henhut
395,CuteAngel
396,"PRIME,森永（Morinaga）"
397,"黑龙,大嶺（Ohmine）"
398,"残響,十四代"
399,Indolen
400,MONDIAL 1908
401,SKATER
402,宝罗丝丹（BONOSIDAN）
403,Aspinal of london
404,SHOPQA
405,"101CAFFE,INSIUM"
406,"秀凤,卧龙梅"
407,ARCHCAFE
408,NOIROT
409,venTa
410,Mrs Rogers
411,valeve
412,Aldente
413,"Alter Schwede,SCILIO"
414,蔻吉
415,Boyer
416,KINU
417,"QUATTROCIOCCHI,DECARLO MASTRI OLEARI DAL 1600"
418,sesderma
419,"Lamisil cream,Healthy Care"
420,Yowwa
421,mling
422,"vieruodis,GOLF MADAM"
423,NOFROM
424,GH GREAT HOUSE
425,TaubeChing
426,UGLI
427,SKISGEM
428,coulomb
429,"TINME,摩飞电器（Morphyrichards）"
430,BURGESS
431,AMINAVAST
432,"SAVANNA ORCHARDS,KINGPOWER"
433,Meili Nature
434,"白恋人,木徳神糧"
435,"力保健（Lipovitan）,魔爪（Monster）"
436,MOCCSOCC
437,RNTOU
438,"GLGFAS,Camelstory"
439,泓乐（Holle）
440,MOKITOUL
441,LBW
442,Easy rest
443,Simply Organic
444,SEAKISS
445,SUMDOY
446,SUN ZAPPER
447,SEDATE
448,"Blue Bottle Coffee,拉瓦萨（LAVAZZA）"
449,baszicare
450,"斐泉（fiji）,芙丝（VOSS）"
451,"雪本诗,维蕾德（WELEDA）"
452,"拉薇（Lavera）,101CAFFE"
453,"KIENINGER,霍华德·米勒"
454,APoEM
455,"拉瓦萨（LAVAZZA）,BACHA"
456,Mesion
457,"JTC,デイフィット"
458,"伴宝乐（Babybio）,佳丽雅（Gallia）"
459,第一三共
460,Coolkiss
461,KRYOLAN
462,Treesymbol
463,Renova
464,美丽蓓菲
465,Andwarm
466,PARRS
467,"Nutiva,dost"
468,"Mama&Kids,天然有机彩妆（naturaglacé）"
469,"SWIMS,SKIMS"
470,LANLVX
471,South Pacific Salt
472,"麦卡伦（MACALLAN）,马爹利名士"
473,Qsimelr
474,"红印（Red seal）,美丽诺（Merino）"
475,Losoki
476,CHIAYINS
477,"South Pacific Salt,SOEOS"
478,"云雾之湾,野格（Jagerneister）"
479,牛栏（Cow&Gate）
480,Bubs
481,LONGTAKE
482,"小红帽（Julius Meinl）,Segafredo"
483,La Pavoni
484,圣元（Synutra）
485,雅蔻（ARTDECO）
486,"BLACK SOUL COFFEE,MOKADOR"
487,JAADE
488,Noodle & Boo
489,摩可纳（Moccona）
490,贝臣（Bübchen）
491,EWKELITE
492,"CAMELICIOUS,AL AIN"
493,novalac
494,INSIUM
495,益周适（PARODONTAX）
496,ROYOU
497,"ORUNCUER,KLRA"
498,GURKHA PROTEC
499,德运（Devondale）
500,"HARMONIA ·FAITH,白井田七"
501,海娜
502,家宝素（Carbroso）
503,泡泡玉
504,宝贝与我（Arla）
505,农心（NONGSHIM）
506,生鲜本能（instinct）
507,"SANOTINT,nature bud"
508,"NUTRISOURCE,生鲜本能（instinct）"
509,NUTRISOURCE
510,芭乐雅（Balea）
511,"秀雅韩（Sooryehan）,LONGTAKE"
512,YERENTANG
513,吾诺（UNO）
514,Easevia
515,"Nutiva,MANITOBA MILLING CO."
516,"COLLI EUGANEI,飞葡"
517,EGW
518,思贝格（Seeberger）
519,"贝尼诗（Beanies）,ostte"
520,Wishine
521,体吉（TIGI）
522,CALVIAKRIM
523,"爱诗魅（LABORATOIRE DERMATOLOGIQUE ACM）,Malin+Goetz"
524,"蜜浓（MINON）,hiritu"
525,"吉拉（JURA）,艾伦（Arran）"
526,YILLER
527,"鲁臣世家庄园（Chateau Rauzan Segla）,滴金庄园"
528,"WATUS,Derlla"
529,"Tommee Tippee,Nestle"
530,爱德兰丝（Aderans）
531,"Dermaroller,XCELLARISPRO"
532,效力多
533,"NANAMICA,BEAMS"
534,"乐天（LOTTE）,理本（Ribon）"
535,PRORASO
536,EDWIN JAGGER
537,"SWANSON,life extension"
538,Masata
539,saindak
540,DimairT
541,MATCHAFUL
542,"TRANACIX,BIOTOPIX"
543,SELMEL
544,TANVEER SALT
545,"艾帝达姆（INEDIT DAMM）,维森（Weihenstephaner）"
546,"DOMIAMIA,迪士尼（Disney）"
547,Allowish
548,"Jack N' Jill,femfresh"
549,Babix
550,"SABORJAMON,精元（JINGYUAN）"
551,"Tropical Fields,金宝乐（Golden Boronia）"
552,哲库林
553,"铂金（PT）,佳迷（COERMY）"
554,"AVRIL,SunRype"
555,DR.ORACLE
556,QIANLEE
557,YSSKK
558,betweena
559,ReFa
560,Sensatia
561,REVISIS
562,VISN
563,Colongon
564,"Outlier,STAUD BEAUTY"
565,"幻帝,诺奥"
566,加州宝宝（California baby）
567,"泰谷（TAGUS）,艾帝达姆（INEDIT DAMM）"
568,"唯他可可（ALL MARKET）,彩響"
569,"纪梵哲GIVANZE,纪梵哲"
570,喜宝（HiPP）
571,每日（Maeil）
572,"Losoki,菊正宗"
573,SIBERIAN WELLNESS
574,"Oxeagle,斯旺森（SWANSON）"
575,白牡丹
576,soffell
577,WDW
578,FMUKE
579,MURUEL / 牧麗兒
580,OVQ
581,特福（Tefal）
582,"星之卡比,面包超人 ANPANMAN"
583,PRIMAL
584,Perspirex
585,贺寿利（Healtheries）
586,Lechepus
587,ADVION
588,"闻绮（Venchi）,patchi"
589,NANOCARE
590,德国世家（Dr.Hauschka）
591,SOS
592,STBRIN
593,Dr.Nanna
594,"银雫,银の雫"
595,"HAPPY VILLAGE,SUNNY FRUIT"
596,THINKBABY
597,Cellevate 神幹美
598,"爱薇牛（jersey）,BTNATURE"
599,利尻昆布
600,OIMG
601,ZHENMI
602,"山崎（Yamazaki）,麦卡伦（MACALLAN）"
603,PUNOMO
604,"喜宝（HiPP）,森宝（Semper）"
605,"芭乐雅（Balea）,艾薇德（Alverde）"
606,ANNY
607,"博格步（BUGABOO）,karmababy"
608,MEVE
609,"日出寿,VAPE"
610,"Gm,日本汉方"
611,真珠肌
612,"四万十川,菊正宗"
613,"Catz finefood,MJAMJAM"
614,"UNIMAT,Horbaach"
615,"其他家,Vital Essentials"
616,倩诗丽（CEZANNE）
617,Nuilaa
618,Only Organic
619,Krauterhof
620,"MAGIOPY,ANYSMIC"
621,NOUGAT
622,"Dilab,PURELUXE"
623,aimeangel
624,"木桐嘉棣（MOUTON CADET）,XD"
625,桃瑞丹
626,哥伦布斯（COLUMBUS）
627,"富山薬品,星睿肌（RECORE SERUM）"
628,LUMINEUX
629,"克拉米伦庄园（Chateau Clerc Milon）,仓吉"
630,FRETTE
631,"普瑞纳（PURINA）,德姆克"
632,"GAIA,Moccona"
633,"燃力士,ALPRO"
634,"若鹤,银雫"
635,"猛士（Moenchshof）,唯森"
636,RAID - BESKYT DIG OG DIN FAMILIE
637,GLOW-LAB
638,"玛尔斯（MARVIS）,SANOTINT"
639,"久保田（KUBOTA）,KONISHI"
640,"SAVANNA ORCHARDS,万多福"
641,BIOXSINE
642,"BLESS,立喜乐（ORIHIRO）"
643,DNG
644,"奥纯冠（Nature One Dairy）,喜宝（HiPP）"
645,"艾帝达姆（INEDIT DAMM）,泰谷（TAGUS）"
646,"法老传说（KARL'S SCEPTER）,VILLA MARIA"
647,HARNN
648,"Bottega di LungaVita Natural Products,Bottega di LungaVita"
649,Bio Series
650,松山油脂
651,"吉尔斯图尔特（Jill Stuart）,凯朵（KATE）"
652,VRSUK
653,"其他家,洋精灵"
654,"克斯阿苏尔,十四代"
655,"ABRAU,Jenke Vineyards"
656,Jackit
657,POLO CLUB ORIGINAL
658,"APCLAB,Le Tan"
659,"轩尼诗Hennessy,红旗沙"
660,"拉瓦萨（LAVAZZA）,David's Cookies"
661,珍殿
662,Bonne
663,造小社
664,LUERLING
665,SWINKELS FAMILY BREWERS
666,zeinpharma
667,Caprilac
668,"Jenke Vineyards,世界名庄（Fine Wine）"
669,"NAPLA,milbon"
670,BUNNY NATURE
671,顺峰宝宝
672,"RIDESAFER,BUBBLE BUM"
673,"Natio,Healthy Care"
674,"Naturata,bett'r GUILT FREE"
675,"昆庭（CHRISTOFLE）,KAGAMI"
676,"NROKEN,野口"
677,"柳宗理,NUDE努德"
678,"喜宝（HiPP）,Hero Baby"
679,"BTNature,Oli6"
680,"四万十川,沃尔克斯（Walkers）"
681,ALAK
682,"POLIGRIP,FRUIT OF THE EARTH"
683,酷彩（Le Creuset）
684,"德国汉堡（Hamburg-B）,港优"
685,LBR
686,"哲库林,爱科博纳-燃酒灵（AlcoBurner）"
687,"NUTRISOURCE,PRIMAL"
688,PALOMA
689,"亚发（AhHuat）,旧街场（OLDTOWN）"
690,日本叮叮
691,"贝拉米（Bellamy's）,HERO BABY"
692,"焙可美（RBV-Birkmann）,MBA"
693,"菊正宗,惬而格林"
694,"贝娜婷（Penaten）,Ajona"
695,"永润福,木桐嘉棣（MOUTON CADET）"
696,苏美（sumei）
697,"日,Phoherb"
698,"Hero Baby,纽迪希亚（nutricia）"
699,"黑桃A（Armand de Brignac）,而今"
700,"HEALTH,KirkLand"
701,"GUM,GUM HYDRAL"
702,BIBZIZ
703,SEMPER
704,"BIOSUNN,NORSDOM"
705,BKAK
706,DIRASS
707,physiodose
708,"Derlla,Gerllo"
709,"东字,三育"
710,KAGAMI
711,希尔思Hill‘s
712,OLLY
713,"生鲜本能（instinct）,美士"
714,CUCCIO
715,"生鲜本能（instinct）,NUTRISOURCE"
716,"Jack N' Jill,NATIO"
717,"NUDE努德,德运（Devondale）"
718,近江兄弟
719,YAKTRAX
720,特福芬（Topfer）
721,IRANY
722,"克雷蒙（Cranimals）,Natural Animal Solutions"
723,贝拉米（Bellamy's）
724,"其他家,猛士（Moenchshof）"
725,DERMOXEN
726,"磨栏风车（De Molen）,凡人Mortalis"
727,PORT BUDDY
728,EIGHT AT THE GATE
729,子母（DUTCH LADY）
730,"燃力士,森永（Morinaga）"
731,"科拿（Conaprole）,Horizon Organic"
732,"XIKAR,COLIBRI"
733,"菊正宗,丽珍贝加尔"
734,"高丝（Kose）,MA＆ME LATTE"
735,"沃尔克斯（Walkers）,鸟海誉"
736,"FANAWAY,LUCCI AIR"
737,ROCKMACHERIN
738,"WESTGOLD,芝芙莲（GIFFARINE）"
739,"ZKHE,PLAYADITO"
740,"伦士度,晨洁（PURE）"
741,NOW FRESH
742,"Wealthy Health,贝拉米（Bellamy's）"
743,Jack N' Jill
744,"维佳善,阪聖"
745,"乡间生活（COUNTRY LIFE）,VENUS"
746,"Fertilix,Unisom"
747,"万宁;MANNINGS,海狗丸"
748,"Abtei,ABTEI"
749,"馬祖高粱酒（MATSU KAOLIANG LIQUOR）,金门高粱"
750,BTNature
751,KHKN
752,"BARON PHILIPPE BARON,靓次伯酒庄（CHATEAU LYNCH BAGES）"
753,"菊正宗,未来（VAPE）"
754,"SWANSON,明治药品"
755,瑞一宝
756,"NANOCARE,LUX"
757,瑚玛娜（Humana）
758,INSRE
759,"ORIHIRO,万宁;MANNINGS"
760,NUK
761,MEXNIA
762,"Melvados,LOVE,AFARE"
763,"Top life,Wealthy Health"
764,"朗森,ill corona"
765,狐狸爸爸
766,小雅象
767,"HARIO,NUDE努德"
768,"可口可乐（Coca Cola）,三得利Suntory"
769,布朗博士
770,"CALERIEHEALTH,VEAAG"
771,"Ladyfan,Fogair"
772,"恩特雷,Chobani"
773,"锅岛,极圣"
774,newmo
775,RapidLash
776,棕榄（PALMOLIVE）
777,鱼尾丝（MERSILK）
778,卡比（CANIDAE）
779,白州
780,SIERRA DE UTIEL
781,STAREAR
782,比那氏（Propolinse）
783,"DONGWHA,DONGWHA PHARM"
784,朝日啤酒
785,"Bosisto's,ENYA"
786,GGOM BELLE
787,"ele,DU‘IT"
788,"SAWAKI,仓吉（KURAYOSHI）"
789,卡诗
790,牛栏（bebilon）
791,巴斯克（Los Vascos）
792,cure
793,卡蔓（Casmara）
794,宝贝与我
795,"乐呋,野付"
796,黛伦堡
797,Mrudee
798,"格兰纳里奇（GlenAllachie）,CITADELLE"
799,维蕾德（WELEDA）
800,乐敦（ROHTO）
801,So Acai
802,Maxigenes
803,MODAMODA
804,"YOSHIKAWA,特福（Tefal）"
805,Original Sprout
806,GLGFAS
807,潤樽
808,little remedies
809,伯特小蜜蜂（Burt's Bees）
810,RYUN
811,gli gli
812,拉格德克（LAGEDEKE）
813,怀尔德
814,POLO GLOBAL LEAGUE
815,"阿华田（Ovaltine）,澳洲"
816,"安格奥斯酒庄（Domaine Anne Gros）,卓龙梦特城堡（CHATEAU TROPLONG MONDOT）"
817,"NusaPure,pipingrock"
818,POKALEN
819,"SIDERAL,WAXGREEN"
820,"华大（BGI）,21金维他健优"
821,"科拿（Conaprole）,德运（Devondale）"
822,FARMINA PET FOODS
823,"珀莱雅双抗,DONNA"
824,Rosette
825,"教士（Franziskaner）,丹麦蓝罐（Kjeldsens）"
826,"SHAWKEA,asahi"
827,"高丝（Kose）,dup"
828,"复轻园,Diiduk"
829,"MiniJumbuk,Unichi"
830,"PO PETROL OFISI,华夏堂"
831,"Primalg,Ruis Olimar"
832,"四万十川,LORETTA"
833,RVIP
834,"ORIENTAL KOPI,KEDAI KOPITIAM ORIENTAL KOPI"
835,AMPLEUR
836,"大鼻子（BigPeat）,HELLYERS ROAD"
837,"斯莫吉,凯狮（CASS）"
838,"铁尺（tiechi）,SAVANNA ORCHARDS"
839,"德劳特沃（Gerolsteiner）,普雷克斯（Purex）"
840,"SEMPER,森宝（Semper）"
841,"Merino,Alpine Silk"
842,ADIEN
843,"BTNature,BTNATURE"
844,"ORIHIRO,菓の道"
845,"Dariya,OTHER/其他"
846,patchi
847,"Nature's Way,coromega"
848,EVA PRODUCTS
849,"Ianys,LUCKY MONSTER"
850,LP LaPulovce
851,"娥佩兰（OPERA）,马油（LOSHI）"
852,"pons,SIERRA DE UTIEL"
853,CHILDS FARM
854,RAPPORT
855,Karen Murrell
856,"丽珍贝加尔,BONZ"
857,"NutriNest,SAOTHAIDUONG"
858,"Ajona,Arya-Laya"
859,Moihanr
860,"Turkey Hill Sugarbush,MONGDIES"
861,"Svecymikov,Leypian"
862,Aqualan
863,"洛神山庄,佳得美庄园（CH. CANTEMERLE ）"
864,QZEQZE
865,"卡农酒庄（Chateau Canon）,白牡丹"
866,"阿舍食堂,XIN LONG YA TEA"
867,"NROKEN,WAXGREEN"
868,"New English Teas,BACHA"
869,NEUE
870,"歌润,绽媄娅"
871,"AngelHeart,GARRACK"
872,"Refine,爱丽思（IRIS）"
873,哈根纽翠斯（NUTRIENCE）
874,"PAPATYA,澳芝曼（G＆M）"
875,"保美雅（Promina）,Dentek"
876,"巨浪大切（EDOpack）,德运（Devondale）"
877,"小蓝瓶（TAKAMI）,Neck & Deco"
878,"Dariya,Preparation H"
879,"Maxigenes,Healthy Care"
880,DEVIANCE
881,"Caprilac,皮爷咖啡"
882,"保牌,Win Win"
883,"MY.ORGANICS,资生堂专业美发（SHISEIDO PROFESSIONAL）"
884,"格兰纳里奇（GlenAllachie）,遊穗"
885,"Turkey Hill Sugarbush,维蕾德（WELEDA）"
886,"三花（CARNATION）,白兰氏（Brands）"
887,"BARON PHILIPPE BARON,贝玛格雷（Bernard Magrez）"
888,"芭乐雅（Balea）,Dontodent"
889,"贝拉米（Bellamy's）,喜宝（HiPP）"
890,"Catz finefood,福摩（Fromm）"
891,"WESTGOLD,海特安可金卡露"
892,"Ajona,MARTINA GEBHARDT"
893,"Off&Relax,Naturie"
894,SUTRICON
895,龙角散
896,妙思乐（Mustela）
897,"SWANSON,普丽普莱（Puritan's Pride）"
898,"安速（ARS）,ADVION"
899,TWO HANDS WINES
900,"三养（SAMYANG）,日清"
901,"来发记,FRANCO'S"
902,"UNIMAT,pipingrock"
903,"惠宝（White Glo）,杰士派（GATSBY）"
904,SINFI
905,"维蕾德（WELEDA）,芭乐雅（Balea）"
906,"NoBrand,一百份（cocoaland LOT100）"
907,"CLAYMORE,Jenke Vineyards"
908,"吉百利（CADBURY）,添爱尊尚咖啡（TNI KING COFFEE）"
909,"Fox's,阿华田（Ovaltine）"
910,"德国华沙,野口"
911,"喜宝（HiPP）,茵缇玛（Intima）"
912,"livon labs,scenkan"
913,"ILEACH,KENTUCKY OWL"
914,Nutiva
915,Cheri
916,"PIG'S NOSE,SAWAKI"
917,"too faced,Tondi"
918,"睿嫣,妮塔莉雅（Nethallia）"
919,"戈博（GERBER）,MBARC"
920,"DOMAINE JEAN-LOUIS CHAVE,世界名庄（Fine Wine）"
921,"Rofagy,Rewi"
922,"CERVIDOR,NOW"
923,"小龙战舰,托布雷"
924,"MCM,Ameri-Vita"
925,"DANA ESTATES,拉蒙蒂耶（LARMANDIER-BERNIER）"
926,"铁尺（tiechi）,莱茵"
927,Lazy Society
928,"澳洲,AOMEVOR"
929,"SNUGGLE,当妮（DOWNY）"
930,"贝娜婷（Penaten）,芭乐雅（Balea）"
931,C
932,"NUDE努德,柳宗理"
933,"Glencadam,嘉伯乐（PAUL JABOULET AINE）"
934,"ICHENDORF,FANOLA"
935,"高丝（Kose）,ORIHIRO"
936,"武田薬品,Eisai"
937,"旭福益节,GRANVER"
938,"SAC'S BAR,kissora"
939,"OFF,意立诗 ELLIPS"
940,欧恩焙
941,"New English Teas,新鳳鳴"
942,SIKANDER-E-AZAM
943,"VetWiz,SEACODE"
944,"Bella B,bellab"
945,"Horizon Organic,德运（Devondale）"
946,"CAMELICIOUS,patchi"
947,Tahe
948,Madonna
949,BIOSSANCE
950,RANCEAS
951,沙芬（SAVINELLI）
952,"楼上 樓上,楼上"
953,absolutearomas
954,"scenkan,BANANA SHARK"
955,"product hair wax,Dariya"
956,"克拉米伦庄园（Chateau Clerc Milon）,白雪（PIPER-HEIDSIECK）"
957,"FRUIT KING,MADAME HENG"
958,"盖亚的秘密,樱菲清"
959,FIDQIOG
960,"奥纯冠（Nature One Dairy）,贝拉米（Bellamy's）"
961,"Mini Babybel,乐芝牛"
962,"KISS YOU,爱丽思（IRIS）"
963,"秀雅韩（Sooryehan）,BIOHEAL BOH VITARETINOL"
964,"专心楼,Nutrition Care"
965,可瑞康（karicare）
966,"Dariya,OFF"
967,"Certain Dri,GUM"
968,"上標油（SIANG PURE OIL）,Green Herb"
969,"教士（Franziskaner）,科罗娜"
970,"丝格德（Schogetten）,沃集鲜"
971,SAOTHAIDUONG
972,"Dermaroller,Ajona"
973,"ANS,PRO-LIFE"
974,"HealthyCare,life extension"
975,"HENRI CHARPENTIER,BACHA"
976,"阿华田（Ovaltine）,Tropical Fields"
977,"Highland Shepherd Scotch whisky,Old Smitty's"
978,"吉拉（JURA）,托本莫瑞（TOBERMORY）"
979,Truelog
980,"貝印,芭乐雅（Balea）"
981,"马膏 HERBAMEDICUS,劲爽"
982,"狄妮诗,正鲜"
983,"二宝（Nimm2）,哲库林"
984,"Milton,汤美天地（Tommee Tippee）"
985,MEDICURA
986,"SHEVEU,GOAT"
987,TOKAJI
988,AVALON
989,雄鸡标（AYAM BRAND）
990,"EGO,QV"
991,"孤独摇滚,一拳超人"
992,"ABTEI,Compound W"
993,茵葩兰（ENPRANI）
994,"Tondi,颐莲（RELLET）"
995,"SHEVEU,麦迪安（Median）"
996,MOETA
997,"BLANCO,Montana West"
998,"TO-PLAN,RD"
999,"Dariya,DM S-QUITO FREE"
1000,Weelott
1001,"珀莱雅双抗,非常丸美"
1002,"樱之素,三佳利（Sangaria）"
1003,"SOFFEL,未来（VAPE）"
1004,新鳳鳴
1005,堡歌家族酒庄（Burge Family Winemaker）
1006,"Le Tan,KARYTHA"
1007,"小熊糖（L'il critters）,MegaRed"
1008,"鲁臣世家庄园（Chateau Rauzan Segla）,靓茨伯（Chateau Lynch-Bages）"
1009,"爱丽思（IRIS）,baby smile"
1010,"CCOKIO,Le Petit Olivier"
1011,"高丝（Kose）,Malin+Goetz"
1012,"OTHER/其他,杰士派（GATSBY）"
1013,"伊藤园（ITOEN）,日清（NISSIN）"
1014,"Dariya,THE LAUNDRESS"
1015,"Body Attack,Biox Performance Nutrition"
1016,"杰士派（GATSBY）,碧缇丝（batiste）"
1017,"高丝（Kose）,Rosette"
1018,miracle baby
1019,"Compound W,惠宝（White Glo）"
1020,"黛伦堡,世界名庄（Fine Wine）"
1021,"ziaja,ALM COSMELICS"
1022,叙娅摩根
1023,"THE WILD GEESE,PROPER TWELVE"
1024,LACALUT
1025,CHARIANO
1026,"牛乳石硷,LUCAS' PAPAW CREAM"
1027,K9 Natural
1028,"桃乐丝（Torres）,格兰纳里奇（GlenAllachie）"
1029,"舒可薇（ScarAway）,霓净思（Neogence）"
1030,47
1031,"OFF,小熊糖（L'il critters）"
1032,迪士尼（Disney）
1033,"缤若诗,INFINITY KOSE"
1034,原知因
1035,"Nature's Way,HEALTHY CARE"
1036,Eleytele
1037,剑匠零
1038,"高丝（Kose）,OTHER/其他"
1039,"朝日（Asahi）,三宝乐Sapporo"
1040,"生鲜本能（instinct）,纽顿（Nutram Number）"
1041,"东拓,芭乐雅（Baleya）"
1042,"巴慕达（BALMUDA）,夏普"
1043,CAPTAIN FAWCETT
1044,"XIKAR,ELIE BLEU"
1045,"Biowell,BECHI"
1046,"牛乳石硷,SHEVEU"
1047,"ABTEI,PLIFT"
1048,"SUQQU,CHARLOTTE TILBURY（CT）"
1049,"高丝（Kose）,RISM"
1050,"AG,JOLI"
1051,"SWANSON,asahi"
1052,"Dariya,Refine"
1053,"睿嫣,Dariya"
1054,"雅葵,Dariya"
1055,贝亲彩
1056,"丝丽诺妃,Dariya"
1057,"大马赞赞来,CA KD"
1058,"VITAL QI,维特健灵"
1059,MASAI MARA
1060,"VINACAFE,中原（TRUNG NGUYEN）"
1061,璞医香（Puressentiel）
1062,安满（ANMUM）
1063,皮爷咖啡
1064,"WALDEN FARMS,KAI Brand"
1065,"贝拉米（Bellamy's）,德运（Devondale）"
1066,VITALP
1067,florena
1068,DONG XIANG ZUI 東香醉
1069,我的美麗日記
1070,"金门金牌一条根,金门一条根"
1071,SABORJAMON
1072,"KENTUCKY OWL,Seagram's"
1073,"菊正宗,FANOLA"
1074,NEWBY
1075,"Colongon,贝臣（Bübchen）"
1076,VAGIVAL
1077,"SUTRICON,Ausiki"
1078,"Caprilac,Two cows"
1079,optima natura
1080,"保美雅（Promina）,Lucky Trendy"
1081,Cliganic
1082,"桃乐丝（Torres）,埃德拉多尔（EDRADOUR）"
1083,"雅葵,GUM"
1084,Revium
1085,"GLYSOLID,Dariya"
1086,"卡慕（CAMUS）,人头马"
1087,"波路梦（Bourbon）,能多益（Ferrero Nutella）"
1088,"格兰纳里奇（GlenAllachie）,高地女王（HIGHLAND QUEEN）"
1089,"PERDAYS,阿莫菲克（AMORPHICAL）"
1090,"Frosch,Ka"
1091,"高丝（Kose）,保美雅（Promina）"
1092,"THE LAUNDRESS,雅葵"
1093,"EXACTING,玛丽安保莱（MARIANNEBOLLE）"
1094,sxa
1095,"贝拉米（Bellamy's）,Bubs"
1096,"玛尔斯（MARVIS）,兰诺（Lenor）"
1097,"jBp,HABA"
1098,"Amino mason,亲皙（ARAU）"
1099,"奥纯冠（Nature One Dairy）,艾优睿"
1100,"ROSEFEN,李施德林 LISTERINE"
1101,"味霸,白色恋人"
1102,"Dariya,SCHOENENBERGER"
1103,"KWGO,ROYAL PALM POLO SPORTS CLUB"
1104,"Tommee Tippee,VANICREAM"
1105,"阿佩辛,KUJIRA"
1106,百乐满（Paloma）
1107,Zonsmo
1108,"皮爷咖啡,莱家（LOACKER）"
1109,"贝拉米（Bellamy's）,海普诺凯1897（Hyprocal1897）"
1110,"Remeo,Little Moons"
1111,"高丝（Kose）,菊正宗"
1112,"贝拉米（Bellamy's）,Caprilac"
1113,"三花（CARNATION）,BYA,บี วาย เอ"
1114,"山崎（Yamazaki）,云顶（SpringBank）"
1115,suremoco
1116,臻护新苼
1117,牛乳石硷
1118,Polo Sud
1119,"极地双头鹰,轩尼诗"
1120,"城愿,清妍萃"
1121,"高丝（Kose）,巴黎欧莱雅沙龙专属（L'OREAL PROFESSIONNEL PARIS）"
1122,"波路梦（Bourbon）,味霸"
1123,"切瑞蒂（CERRUTI）,Malin+Goetz"
1124,"GLGFAS,SPRING SHEEP"
1125,kuvive
1126,"JOLI,GEV"
1127,Markos
1128,"BEC,HerbSense"
1129,"贝拉米（Bellamy's）,森宝（Semper）"
1130,"格兰纳里奇（GlenAllachie）,The Broody Hen"
1131,"珊珂,BOTANIST"
1132,"艾天然（Attenir）,皇后的秘密"
1133,"安瓶（CEMOY）,朱栈（red chamber）"
1134,"milbon,Prokudent"
1135,"娥佩兰（OPERA）,阿姿美尔"
1136,"NUDE努德,ICHENDORF"
1137,金门高粱
1138,巧可美（chocoMe）
1139,薇姿（VICHY）
1140,魔爪（Monster）
1141,莫兰卡（MOROKA）
1142,"瑞微拂（RE VIVE）,利维肤（Revive）"
1143,EXOTIC NUTRITION
1144,PDPAOLA
1145,高培（GoldMax）
1146,马油（LOSHI）
1147,"NINJA,La Pavoni"
1148,澳美皙（CancerCouncil）
1149,"高丝（Kose）,华雪（Hanayuki）"
1150,"尼德堡,CHATEAU BEAUMONT"
1151,"跨境进口（CNEUlogistics）,巴斯洛漫"
1152,"惠宝（White Glo）,汤姆小屋"
1153,ROYCE'
1154,LAVKIDS
1155,"白色恋人,LETAO NOSTALGIC MODERN. NORTHERN SWEETS MANNER"
1156,"宜丽客（ELECOM）,aiwa"
1157,"三宝乐Sapporo,三得利(SUNTORY）"
1158,"高丝（Kose）,COW"
1159,"Glencadam,罗曼湖"
1160,"麦卡伦（MACALLAN）,唐胡里奥"
1161,"montesano,小何赛"
1162,"鹰标,便利妥（BANITORE）"
1163,"T-FAL,WAHEI FREIZ"
1164,"TRANSPARENT,美诺（MIELE）"
1165,"HEALTHY CARE,EVA"
1166,"Hold live,LOSOKI"
1167,百胜厨
1168,CHANDLER
1169,PSITTACUS
1170,"BTNature,莫兰卡（MOROKA）"
1171,"566,耐斯澎澎"
1172,"KENTUCKY OWL,SAWAKI"
1173,阿里山瑪翡台灣咖啡
1174,"Vaseline,LIFE-FLO"
1175,"Dariya,QB"
1176,"海普诺凯1897（Hyprocal1897）,喜宝（HiPP）"
1177,carari
1178,"乐屯（Happy Village）,优古母"
1179,"SFSP,英微（IN&VI）"
1180,"德劳特沃（Gerolsteiner）,晶杰"
1181,"福山田舍,李小陳"
1182,"贝拉米（Bellamy's）,安满（ANMUM）"
1183,"Refine,菊正宗"
1184,"博格步（BUGABOO）,Orbit Baby"
1185,"Nutrition Care,Unichi"
1186,"哈奴曼,芝芙莲（GIFFARINE）"
1187,"FOR BECARED ONE,内廷上用"
1188,"Dramamine,Preparation H"
1189,"格兰纳里奇（GlenAllachie）,布纳哈本（bunnahabhain）"
1190,"高丝（Kose）,Dariya"
1191,"珀莱雅双抗,绿色溪谷"
1192,"沃集鲜,泰谷（TAGUS）"
1193,"Dariya,DUOFILM"
1194,"大塚,LeTAO"
1195,"路易老爷（Louis Royer）,奔富"
1196,YHKCARE
1197,"贝里麦德维熊牌,莞岛虾牌"
1198,MONOPRICE
1199,"希尔思Hill‘s,NOW FRESH"
1200,"NANNYCARE,CANADA DRY"
1201,"WHITE HORSE,Seagram's"
1202,"钰俏伊人  YUQIAO LOVER,秀媛丽"
1203,"BY.ARTISANS,PUREDIVINE"
1204,"德运（Devondale）,Pearlbe"
1205,"秩父,本坊酒造"
1206,DX
1207,"玫丽盼,牛乳石碱（COW）"
1208,布加迪（BONEST GATTI）
1209,"THE WHISKYFIND,MONTES"
1210,"高丝（Kose）,巧虎"
1211,"Ianys,爱丽小屋"
1212,"喜宝（HiPP）,ZWITSAL"
1213,"SNUGGLE,THE LOMB"
1214,"所望（SOMANG）,三井"
1215,"十四代,响（Hibiki）"
1216,"柳宗理,FANOLA"
1217,"珀莱雅双抗,Dariya"
1218,"FANCL HealthScience,pipingrock"
1219,"Dariya,高丝（Kose）"
1220,Edick
1221,"GrandoldParr,吉拉（JURA）"
1222,佳丽雅（Gallia）
1223,"BTNature,Nature Loop"
1224,"维蕾德（WELEDA）,贝拉米（Bellamy's）"
1225,"金鸟（KINCHO）,DU‘IT"
1226,TeaWG
1227,"LORETTA,BLEMIL"
1228,"Caprilac,BTNature"
1229,"Lady Speed Stick,Secret"
1230,西特兰（Chateau Citran）
1231,"格兰纳里奇（GlenAllachie）,埃德拉多尔（EDRADOUR）"
1232,"Oli6,可瑞康（karicare）"
1233,"蝶美,杜润"
1234,"TA,PLIFT"
1235,"Rosette,GUM"
1236,"米皇后（Mihwanghoo）,发滋然"
1237,"贝拉米（Bellamy's）,康维他(Comvita)"
1238,femfresh
1239,AgDEO24
1240,"喜宝（HiPP）,EGO"
1241,宇津
1242,NIZORAL
1243,大门（DAIMON）
1244,MODU'I
1245,福而可（FUEKI）
1246,GLYSOMED加素美
1247,eimele
1248,"牛乳石硷,SAWYER"
1249,"pipingrock,TRU NIAGEN"
1250,贝娜婷（Penaten）
1251,"Klosterfrau,Healthy Care"
1252,Don Quitto
1253,活力媽媽
1254,JinBei
1255,kingnature
1256,Sri Sri TATTVA stylized
1257,BEAMS PLUS
1258,"Farmstay,澳芝曼（G＆M）"
1259,"伯特小蜜蜂,VANICREAM"
1260,"なまうめあめ 生梅飴,Prairie Farms"
1261,"Caprilac,Bubs"
1262,"annadonna,柳屋"
1263,"果本（gooben）,INCELLDERM"
1264,"伦士度,娜丽丝"
1265,"怪兽8号,MEGAHOUSE MH"
1266,"路易老爷（Louis Royer）,麦卡伦（MACALLAN）"
1267,"RAPAS,cellpure"
1268,"托本莫瑞（TOBERMORY）,十四代"
1269,"宜可诚（Ecostore）,SODASAN"
1270,"百毒下,尊马油"
1271,"SUSTYLE,Outlier"
1272,"东方宝石（Tesori D’oriente）,Ka"
1273,"EIOGR,paugila"
1274,"ETVOS,PAUL&JOE"
1275,"其他家,PETSMILE"
1276,"玛福莱,KAPITI"
1277,"优斐斯（uface）,SAKIRANA"
1278,"DIKTT,Frances Valentine"
1279,"FAIRY,Domol"
1280,"家の逸（Yohome）,JUJY"
1281,"ongredients,NUMBUZIN"
1282,"妃漾迷,EMWM"
1283,"二宝（Nimm2）,贝克曼博士（Dr.Beckmann）"
1284,"贝拉米（Bellamy's）,Goodcombo"
1285,"牛栏（Cow&Gate）,可瑞康（karicare）"
1286,"JOLI,RD"
1287,"加州宝宝（California Baby）,Clothes Doctor"
1288,近江兄弟社（OMI BROTHERHOOD）
1289,JunoBio
1290,"GERLLO,IZUMI"
1291,"VECUA HONEY,乐敦（ROHTO）"
1292,"所望（SOMANG）,villutra"
1293,"追幸兔,保美雅（Promina）"
1294,"资生堂（SHISEIDO PROFESSIONAL）,牛乳石碱（COW）"
1295,"贝拉米（Bellamy's）,novalac"
1296,"Frosch,FAIRY"
1297,"臻护新苼,Hero Baby"
1298,"Naturata,圣安娜（Sant' Anna）"
1299,"Mitime,UNITED"
1300,"VAPE,MINIKUMA"
1301,"贝拉米（Bellamy's）,牛栏（Cow&Gate）"
1302,"MOOV,宜珑（ilon）"
1303,"悠诗诗（UCC）,貝印"
1304,"TENUTA SETTE PONTI TOSCANA,CAIAROSSA"
1305,所望（SOMANG）
1306,"AKF,Cecile Maia"
1307,"京飴綾小路,悠哈"
1308,"ANTIO,YUNTH"
1309,"高丝（Kose）,貝印"
1310,"HIEUAILR,欧佩O'KADY"
1311,"Unichi,和丽康（Herbs of Gold）"
1312,GUYN
1313,"CE,珂 罗 娜（KE LUO NA）"
1314,"Airdog,DAINICHI"
1315,吨吨
1316,"金钟酒庄（Chateau Angelus）,力士金酒庄（Chateau Lascombes）"
1317,"宝贝与我（Arla）,TAUPO PURE"
1318,"AIRBUGGY,Lion Litter 獅子砂"
1319,"蛇毒（Spa treatment）,牛乳石硷"
1320,野格（Jagerneister）
1321,"REVEEL芮维迩,NOEVIR"
1322,"Tyrrells,CHUPA CHUPS"
1323,"山崎（Yamazaki）,响(Hibiki)"
1324,"一叶子 ONE LEAF,C咖"
1325,"馥绿德雅（RENE FURTERER）,粹律"
1326,"麦卡伦（MACALLAN）,轩尼诗Hennessy"
1327,"GLAETZER,木桐酒庄（Chateau Mouton Rothschild）"
1328,"TSUBAKI,マドンナ MADONNA"
1329,"BIOXCIN,嘉娜宝（KANEBO）"
1330,YSL
1331,"KISS YOU,SALONIA"
1332,"澳芝曼（G＆M）,艾珂薇（ACWELL）"
1333,"牛乳石硷,欧仕派（OLD SPICE）"
1334,"伊贝诗,一叶子 ONE LEAF"
1335,"玛尔斯（MARVIS）,晶杰"
1336,"Dermaroller,保美雅（Promina）"
1337,"春雨（Papa recipe）,SUMDOY"
1338,"JODYJAZZ,巴哈"
1339,"宝碟,KEF"
1340,STAUD BEAUTY
1341,"HOSIKA,ANYSMIC"
1342,แบรนด์
1343,"喜宝（HiPP）,子母（DUTCH LADY）"
1344,美体小铺（The Body Shop）
1345,"可口可乐（Coca Cola）,味霸"
1346,"South Pacific Salt,Mrs Rogers"
1347,"sun dance,Partyfly"
1348,"101CAFFE,ETHICAP"
1349,"金鸟（KINCHO）,Amino mason"
1350,"QSQG,柔恩莱（ROUND LAB）"
1351,"德国唯宝（Villeroy&Boch）,MEPAL"
1352,"艾天然（Attenir）,蛇毒（Spa treatment）"
1353,VZP
1354,"SUNSTAR,喜宝（HiPP）"
1355,Anthéla
1356,欧护（OFF！）
1357,"Lychee Gold,十四代"
1358,"二宝（Nimm2）,闻绮（Venchi）"
1359,"Ausiki,子母（DUTCH LADY）"
1360,"莱家（LOACKER）,NEXXUS"
1361,天维美
1362,"VIAGGIO ESPRESSO,ZESS"
1363,Waitrose
1364,"Alessi,日立（HITACHI）"
1365,"格兰花格（Glenfarclas）,格兰冠（Glen Grant）"
1366,"雅霜,松山油脂"
1367,"帆船,欧护（OFF！）"
1368,"GOQURIA,Refine"
1369,"其他家,钜记饼家"
1370,"养命酒,尤妮佳（unicharm）"
1371,"博智,若瑟"
1372,"ALJOMAR,蓝丝帕"
1373,"格兰纳里奇（GlenAllachie）,克斯阿苏尔"
1374,"DX,PP"
1375,"纽乐葆,优佳（Ultrasun）"
1376,"馬油保湿成分（horse oil）,吾诺"
1377,"Lychee Gold,仓吉"
1378,"圣艾芙（S.IV）,Dariya"
1379,"所望（SOMANG）,润培"
1380,SAFERUN
1381,"十四代,作品一号"
1382,"格兰纳里奇（GlenAllachie）,克拉米伦庄园（Chateau Clerc Milon）"
1383,"波路梦（Bourbon）,森永（Morinaga）"
1384,"格兰纳里奇（GlenAllachie）,富特尼（Old Pulterior）"
1385,"世喜花语,Didinika"
1386,"Moonshine,火龙（FIREBALL）"
1387,"碧雅诗,Dariya"
1388,"JOLI,PLIFT"
1389,"加州乐事,世界名庄（Fine Wine）"
1390,"晶杰,elmex"
1391,"乎刻,ego qv"
1392,"高丝（Kose）,玉肌（TAMANOHADA）"
1393,"奥纯冠（Nature One Dairy）,Caprilac"
1394,"久光令,保美雅（Promina）"
1395,SPICARE V3
1396,SUMMER'S EVE
1397,"FAMILIE,珍殿"
1398,"梦达俊雅丝（MONTAGNE JEUNESSE）,叙美雅"
1399,"IWACHU,aarke"
1400,"e.l.f.,EOS"
1401,"立兴（Botherless）,Trident"
1402,古缇（CULTI）
1403,"scenkan,地球乐园"
1404,"妃漾迷,HIEUAILR"
1405,"（Martell）,卡慕（CAMUS）"
1406,"其他家,波尔若米"
1407,"Moccona,Bubs"
1408,"too faced,向日花"
1409,"奥纯冠（Nature One Dairy）,香蕉船（Banana Boat）"
1410,OVANO
1411,"skinB5,SorLife"
1412,"其他家,DOGADAN"
1413,"猛虎皇,自然之选"
1414,"保加奥图,美漾（Mayfresh）"
1415,天上野
1416,美源（bigen）
1417,"Nutrition Care,pipingrock"
1418,"三井（TRI-WELL）,Malin+Goetz"
1419,"妮飘（Nepia）,象普（SHINPUR）"
1420,"金缕梅（Thayers）,VANICREAM"
1421,"波路梦（Bourbon）,朝日"
1422,iosn
1423,"玉肌（TAMANOHADA）,欧仕派（OLD SPICE）"
1424,"朗德林（Laundrin）,摩隆（MARO）"
1425,"玛蒂德肤（MartiDerm）,DELIPLUS"
1426,"LITTLE GIANT,天鹅庄"
1427,"欧仕派（OLD SPICE）,GLYSOMED加素美"
1428,"A-Scabs,FSNMN"
1429,"哈奴曼,爱托美"
1430,"金鸟（KINCHO）,追幸兔"
1431,ECOMAAT
1432,"BALVENIE,格兰威特"
1433,Burwilde
1434,"Nuilaa,NUMBUZIN"
1435,"迪朗贝斯（DELON）,桐灰（KIRIBAI）"
1436,"维蕾德（WELEDA）,Bubs"
1437,"Ronas,苏秘37°（Su:m37°）"
1438,"马祖,八八坑道"
1439,澳滋（Oz Farm）
1440,PALAIR
1441,"喜宝（HiPP）,Ausiki"
1442,"拉瓦萨（LAVAZZA）,德龙(Delonghi)"
1443,"Ferrero,LAVAZZA"
1444,"牛乳石硷,金牌一条根"
1445,"Benamor,Aquaphor"
1446,"朝日,味霸"
1447,"贝拉米（Bellamy's）,CAMELICIOUS"
1448,AVIOT
1449,TOALSON
1450,"其他家,SO ACAI"
1451,"臻护新苼,Hero"
1452,KJUS
1453,"每日（Maeil）,森宝（Semper）"
1454,Ronas
1455,"ANINE BING,MSGM"
1456,"vigrx plus,Bubs"
1457,福摩（Fromm）
1458,"高丝（Kose）,尼佰世"
1459,"NINJA,Breville"
1460,ALIVAYA
1461,"高丝（Kose）,维蕾德（WELEDA）"
1462,"OXYENERGY 氧气能量,RD"
1463,"高丝（Kose）,杰士派（GATSBY）"
1464,"VITACREME B12,拉普瑞斯（lapulovce）"
1465,truezyme
1466,朝日（Asahi）
1467,OMIEBOX
1468,培健（Rogaine）
1469,"菲诗小铺（THE FACE SHOP）,自然乐园"
1470,"健美生,DCY"
1471,"悠斯晶（yuskin）,芭乐雅（Balea）"
1472,Nutriben
1473,万多福
1474,ICHENDORF
1475,NOTHING BETTER
1476,润美迪欧
1477,"阿彼芙（ABIB）,NUMBUZIN"
1478,"劲浪airwaves,新亚（Sina）"
1479,"多良见,阿华田（Ovaltine）"
1480,"桐灰（KIRIBAI）,asahi"
1481,"庭萃,雅蔻（ARTDECO）"
1482,"BABI,Tondi"
1483,"Bubs,艾优睿"
1484,"亭宜（tani）,HOM"
1485,"高丝（Kose）,UZU"
1486,"黛莉亚,BH"
1487,"瓦提卡（vatika）,Pelican"
1488,"辛克宝贝（thinkbaby）,欧仕派（OLD SPICE）"
1489,"Dermaroller,ANTIO"
1490,"高丝（Kose）,东丽（TORAY）"
1491,"万金,肤润康（FUYUNHON）"
1492,"Unichi,无比膏"
1493,"HARIO,日立（HITACHI）"
1494,"力士金庄园,卡慕（CAMUS）"
1495,"Refine,MJ"
1496,"peripera,匠の技（TAKUMINOWAZA）"
1497,"格兰纳里奇（GlenAllachie）,大摩（DALMORE）"
1498,"K9 Natural,哈根纽翠斯（NUTRIENCE）"
1499,洛克星菲（LOCKSTARFY）
1500,"HABA,春雨（Papa recipe）"
1501,"Dugladze wines&spirits,玛莎内庄园（MASHANEIZHUANGYUAN）"
1502,"贝拉米（Bellamy's）,BTNature"
1503,"康俪美（HBII）,艾诗（Enchanteur）"
1504,"贝拉米（Bellamy's）,艾优睿"
1505,"POBTOS5+,雅蔻（ARTDECO）"
1506,"高丝（Kose）,HEAVEN PINK"
1507,"碧雅诗,SP"
1508,SENKA
1509,新安怡（AVENT）
1510,"苏秘37°（Su:m37°）,欧蕙（OHUI）"
1511,"S&B,頂好牌"
1512,"CLAYMORE,Concha y Toro"
1513,"浮美,美浮特"
1514,"森宝（Semper）,安满（ANMUM）"
1515,"卢卡斯Lucas,SHEVEU"
1516,"VINA POMAL,龙船（Chateau Beychevelle）"
1517,楼上
1518,"藏（KURA）,喜宝（HiPP）"
1519,"NANOCARE,Moccona"
1520,"SEAKISS,LOSOKI"
1521,"珀莱雅双抗,梦希蓝"
1522,"Dariya,尚和手套（SHOWA）"
1523,"汉方,巧虎"
1524,"珀莱雅双抗,恩沙（ENTIA）"
1525,"麦卡伦（MACALLAN）,格兰花格"
1526,"XD,昆斯特勒"
1527,ENSURE GUARD
1528,"帮庭（bounty）,Medallion"
1529,cellpure
1530,"中原（TRUNG NGUYEN）,HEALTHY GARDEN"
1531,"菲洛嘉（Filorga）,White feather"
1532,"康如（KLORANE）,老瑤薑"
1533,"Jam,娜帕蒂卡"
1534,"恩萃（NATURAL greatness）,A.P.D.C."
1535,"C,YS"
1536,"牛乳石硷,意立诗（ellips）"
1537,"缤若诗（Bifesta）,杰士派（GATSBY）"
1538,耐斯澎澎
1539,"蜜丝婷（misiting）,悠莱"
1540,"梦希蓝,Dariya"
1541,"金鸟（KINCHO）,汉方"
1542,"KESALAN PATHARAN,芮芓"
1543,"Bubs,布朗康田酒庄（Chateau Brane-Cantenac）"
1544,"贝娜婷（Penaten）,澳肌莱（Skin Nutrient）"
1545,"Dariya,托尼魅力（TonyMoly）"
1546,"阿彼芙（ABIB）,苏秘37°（Su:m37°）"
1547,"日本叮叮,MADONNA"
1548,美士
1549,"藤井源创,ANTIO"
1550,"梦达俊雅丝（MONTAGNE JEUNESSE）,优斐斯（uface）"
1551,"高丝（Kose）,优斐斯（uface）"
1552,"珀莱雅双抗,DEVIANCE"
1553,"377,美妍世家"
1554,"贝拉米（Bellamy's）,贝臣（Bübchen）"
1555,"喜宝（HiPP）,牛栏（Cow&Gate）"
1556,"皇家澳纽（ROYAL AUSNZ）,和光堂（Wakodo）"
1557,路易老爷（Louis Royer）
1558,"HABA,SUMDOY"
1559,ESSONIO
1560,"铂富（Breville）,Nespresso"
1561,"秀雅韩（Sooryehan）,丽得姿（LEADERS）"
1562,"其他家,厚健堂"
1563,QV
1564,merci
1565,AlmaWin
1566,"Lubriderm,GLYSOMED加素美"
1567,芭克美
1568,CMLink
1569,"达格诺（Didier Dagueneau）,约瑟夫杜鲁安（Joseph Drouhin ）"
1570,Mioyo妙友
1571,"皮埃尔·吉拉尔丁酒庄（Pierre Girardin）,约瑟夫杜鲁安（Joseph Drouhin ）"
1572,Alfresco
1573,Apagard
1574,Hulubulu
1575,淘物人
1576,"ANTIO,LZ 美妆"
1577,"Turkey Hill Sugarbush,哥伦布斯（COLUMBUS）"
1578,美乐家（melitta）
1579,"FINGKARO,科丽真"
1580,"劳拉之星（LAURASTAR）,SAGE"
1581,"其他家  OTHER HOME,吾诺（UNO）"
1582,响(Hibiki)
1583,"SUMDOY,EXPRESSIONS"
1584,"LIFE EXTENSION,Nature's Bounty"
1585,"GBT,Kizs the Nature"
1586,"SEA BREEZE,Oneday Brightener"
1587,"Dariya,SHEVEU"
1588,LANNITI
1589,"preparation H,赤姬"
1590,"Nittaku,高丝（Kose）"
1591,"健力士（GUINNESS）,野格"
1592,"BLEMIL,Caprilac"
1593,"krups,Alessi"
1594,"LeTAO,白色恋人"
1595,"CHATEAU POUJEAUX,木桐（Mouton）"
1596,"Dermaroller,MCM"
1597,"珀莱雅双抗,PORCOPE"
1598,"易利气,德国雄狮"
1599,"SNACKIT,Health Care"
1600,"Benamor,UZU"
1601,Aneoktur
1602,belulu
1603,三得利Suntory
1604,"其他品牌,TEAC"
1605,"倍得适（Playtex）,Dariya"
1606,"碧缇丝（batiste）,体吉（TIGI）"
1607,"高丝（Kose）,牛乳石硷"
1608,HZ
1609,"HIDDEN VALLEY RANCH,Horizon Organic"
1610,"EARTHQUAKE,达尼（DALI）"
1611,Wedgwood
1612,"森宝（Semper）,子母（DUTCH LADY）"
1613,"WIS,蜜丝婷（misiting）"
1614,"德国世家（Dr.Hauschka）,Dermaroller"
1615,"高丝（Kose）,欧护（OFF！）"
1616,"A'PIEU,FANOLA"
1617,"生鲜本能（instinct）,NOW FRESH"
1618,百昌隆
1619,"Alpha Hydrox,千妍"
1620,"格兰纳里奇（GlenAllachie）,吉拉（JURA）"
1621,伟彩（vcolor）
1622,"蕾珂美,箴颜（ZIINYIIN）"
1623,"幽兰一品（THE ORCHID SKIN）,高丝（Kose）"
1624,"高丝（Kose）,水之印（AQUALABEL）"
1625,"Dariya,星洲"
1626,"喜宝（HiPP）,妙思乐（Mustela）"
1627,"TO&FOR,秀肤生（Cell Fusion C）"
1628,"无,ANTIO"
1629,"雪玲妃（Xuelinfe）,千贵合"
1630,"高丝（Kose）,PRICELINE"
1631,"巴哈,BEECHLER"
1632,"膜法世家,颐莲（RELLET）"
1633,"Dariya,马油（LOSHI）"
1634,"纺优美,柔丽（SOFTLAN）"
1635,"LORETTA,春雨（Papa recipe）"
1636,LAVAZZA
1637,老瑶姜
1638,"KEDAI KOPITIAM ORIENTAL KOPI,乐敦（ROHTO）"
1639,LABORTIS 1972
1640,"KENTUCKY OWL,百世醇（BUSHMILLS）"
1641,未来（VAPE）
1642,"碧唇（Blistex）,摩隆（MARO）"
1643,Teekanne
1644,"LADY JAYNE,可瑞康（karicare）"
1645,CHOYA
1646,"悠了优乐,SAUBOTA"
1647,"HARIO,孔雀（Peacock）"
1648,"艾藜儿,KUVIVE"
1649,"绿色溪谷,高丝（Kose）"
1650,"果本（gooben）,PUCO"
1651,"卓營方（YESNUTRI）,德国汉堡（Hamburg-B）"
1652,"优斐斯（uface）,PLIFT"
1653,"AG,Tondi"
1654,"水梦令,安婕抒"
1655,NULAD
1656,"澳袋丽,FAZAU"
1657,"VOLCAN DE MI TIERRA,PADRE"
1658,"亚都（YADU）,PHTY"
1659,"SAGE,美诺（MIELE）"
1660,"D二次方（DSquared2）,AMIRI"
1661,"贝拉米（Bellamy's）,Hero Baby"
1662,Gc
1663,"HABA,KENTUCKY OWL"
1664,"iCANDOR,AIRBUGGY"
1665,"Dariya,藤井源创"
1666,"UZU,FANBEAUTY"
1667,"GIMSIBLY,Flowerlure花间颂"
1668,"公仔炒面王,Tropical Fields"
1669,"GLYSOMED加素美,Nutella"
1670,"格兰纳里奇（GlenAllachie）,拉图嘉利"
1671,"BSAI,VIRTUE"
1672,"JAPANHOME,EZ COOK"
1673,"BABI,雅莎尔（yashaer）"
1674,"金鸟（KINCHO）,Farmstay"
1675,"red seal,SHEVEU"
1676,花绮（HACCI）
1677,"波路梦（Bourbon）,POKKA SAPPORO"
1678,"其他家,JOLI"
1679,"康萃乐,mannings"
1680,"何濟公（C. K. HO）,撒隆巴斯（SALONPAS）"
1681,雅莉格丝（Elegance）
1682,FAITH IN NATURE
1683,PANPURI
1684,"宝贝,华熙夸迪"
1685,"辛克宝贝（thinkbaby）,EFFERDENT"
1686,"莱文医生（Dr.LeWinn""s）,SKIN REPUBLIC"
1687,来发记
1688,"美源（bigen）,KOWA"
1689,"SYUMON,ANTIO"
1690,"LISCN,FIDQIOG"
1691,YS
1692,"S&C SCRET,优斐斯（uface）"
1693,卡慕（CAMUS）
1694,New English Teas
1695,春莺（Joriole）
1696,皇家澳纽（ROYAL AUSNZ）
1697,"喜宝（HiPP）,Desitin"
1698,芭乐雅（Baleya）
1699,Le Ponnine
1700,HEGEN
1701,"Ianys,蜜诗肌（MISHIJI）"
1702,"ANTIO,catrice"
1703,"长白山人参 CBM GINSENG,赋皙"
1704,"Jack N' Jill,维蕾德（WELEDA）"
1705,"路易老爷（Louis Royer）,卡慕（CAMUS）"
1706,"无,高丝（Kose）"
1707,"FANOLA,SHEVEU"
1708,"喜宝（HiPP）,boiron"
1709,"FUMAKILLA,TO-PLAN"
1710,"德国世家（Dr.Hauschka）,钰创合成（UV）"
1711,"格兰纳里奇（GlenAllachie）,齐候门（Kilchoman）"
1712,"圣艾芙（S.IV）,VASELINE"
1713,"豪帅快活（JOSE CUERVO）,野格（Jagerneister）"
1714,"福来,艾珂薇（ACWELL）"
1715,"晶杰,圣艾芙（Stives）"
1716,BUDDATE发芽时光
1717,"蓬莱泉,FANOLA"
1718,Le Petit Olivier
1719,"SEE'S CANDIES,味霸"
1720,"声阔（SoundCore）,Levoit"
1721,"OMIEBOX,MODU'I"
1722,"无,SABORINO"
1723,"Brumate,WATERDROP"
1724,"阿彼芙（ABIB）,果达儿（goodal）"
1725,"雅莉格丝（Elegance）,SUQQU"
1726,英拉利（YILARLIE）
1727,"一叶子 ONE LEAF,WIS"
1728,"牛乳石硷,资生堂专业美发（SHISEIDO PROFESSIONAL）"
1729,"艾珂薇（ACWELL）,卡蓓诺（CABELO）"
1730,"VETPLUS,INCELLDERM"
1731,"冰溪,发玛21"
1732,"C,D"
1733,"新生活,Alpha Hydrox"
1734,"高丝（Kose）,hoyu"
1735,"和光堂（Wakodo）,SUNSTAR"
1736,"狮王（LION）,钰创合成（UV）"
1737,比时咔
1738,"欧仕派（OLD SPICE）,美国箭牌（Mane 'n Tail）"
1739,Biotta
1740,CPBIO
1741,ELEANOR
1742,"巴哈,SUZUKI"
1743,清净海
1744,"COCCINELLE,Phytopharma"
1745,Glysomed
1746,HEALTREE
1747,"瞳话,悠莱"
1748,"路易老爷（Louis Royer）,KWV"
1749,"富特尼（Old Pulterior）,法国廊酒"
1750,"C咖,蜜浓（MINON）"
1751,"藏（KURA）,珊珂"
1752,"Kabrita,安怡 （Anlene）"
1753,"馥华诗（COURVOISIER）,TOMATIN"
1754,"贝娜婷（Penaten）,貝印"
1755,"金鸟（KINCHO）,SUNSTAR"
1756,"Blanco,Nunn Bush"
1757,"堡林爵（Bollinger）,勒庞庄 LE PUY"
1758,"Refine,野口（Noguchi）"
1759,"马油（LOSHI）,QV"
1760,"GLASSHOUSE FRAGRANCES,高丝（Kose）"
1761,"无,厚健堂"
1762,"KJUS,GABBA"
1763,铂富（Breville）
1764,"K9 Natural,NULO"
1765,Emami 7 Oils in One
1766,"MT METATRON,KS"
1767,资生堂（SHISEIDO PROFESSIONAL）
1768,"无,旺太太"
1769,"VANMATE,马油（LOSHI）"
1770,"欧敏肤,颐莲（RELLET）"
1771,"星嘉坡,星洲"
1772,"资生堂专业美发（SHISEIDO PROFESSIONAL）,卡彼"
1773,"deonatulle,吾诺（UNO）"
1774,安热沙（ANESSA）
1775,"无,双莲"
1776,"颐莲（RELLET）,ALIVAYA"
1777,"无,RIMMEL"
1778,"虎修堂,香港中西大药房有限公司 香港 药 香港中西大药房"
1779,"KINU,Fissler"
1780,"玛丽黛佳,植美村"
1781,"宣致,新生命凝胶"
1782,Yuorom
1783,"达格诺（Didier Dagueneau）,Battenfeld-Spanier"
1784,"无,Almay"
1785,MISORILIFE
1786,Alteya
1787,"Gnaw,闻绮（Venchi）"
1788,Cinnamoroll
1789,贝灵哲（Beringer）
1790,OTHER/其他
1791,"Merrick,K9 Natural"
1792,"和光堂（Wakodo）,Wisdom"
1793,"蚝湾（OYSTER BAY）,豪帅快活（JOSE CUERVO）"
1794,"凡士林,悦罗兰"
1795,"Wpc.,Blender Bottle"
1796,"日本叮叮,蛇牌（SNAKE BRAND）"
1797,"伦士度,日本叮叮"
1798,"LABORTIS 1972,CENTRAL LECHERA ASTURIANA"
1799,"Himalaya,雪尚肌"
1800,"和光堂（Wakodo）,辛克宝贝（thinkbaby）"
1801,"十四代,白州"
1802,"奥纯冠（Nature One Dairy）,Maxigenes"
1803,"SABORINO,ANTIO"
1804,"Iapetus,direia"
1805,"珀莱雅双抗,高丝（Kose）"
1806,"厚念,Ecotools"
1807,"原果U站,先跃"
1808,"ISDG,NATURELAN"
1809,"Simply Organic,NEXXUS"
1810,"Barsetto,摩飞电器（Morphyrichards）"
1811,"Bugle Boy,Montana West"
1812,"TEMPLE SPA,Dermaroller"
1813,"AG,UZU"
1814,"日立（HITACHI）,西哲（sezze）"
1815,"LORETTA,欧仕派（OLD SPICE）"
1816,"CHOYA,三得利Suntory"
1817,"晶杰,Bioblas"
1818,"ning,伊贝诗纯净面膜（RIBECS）"
1819,Brighton
1820,"Tfit,choosy"
1821,"Aqualan,Hero Baby"
1822,"花三岛,YOSHIKAWA"
1823,安速（ARS）
1824,"UMAJI,INCELLDERM"
1825,UZUPRO
1826,RE VIVE
1827,YOUTHSECRET
1828,格兰莫雷（Glen Moray）
1829,INSTANT SMILE
1830,"EFFERDENT,plackers"
1831,"维氏（VICTORINOX）,酷彩（Le Creuset）"
1832,"凌博士,百雀羚草本"
1833,TAMRAC
1834,"MANIC PANIC,怀尔德"
1835,"迪朗贝斯（DELON）,貝印"
1836,"浮美,向妍"
1837,贵艾朗
1838,"RNW,蜜丝婷（misiting）"
1839,"高丝（Kose）,潇洒（SELSUN）"
1840,"倍得适（Playtex）,帮庭（bounty）"
1841,"CREED,明治(meiji)"
1842,"JOLI,UZU"
1843,T
1844,"九州,FREQUENT"
1845,"柔丽（SOFTLAN）,东方宝石（Tesori D’oriente）"
1846,"WOPUKA,HISMILE"
1847,"小蓝瓶（TAKAMI）,PUNOMO"
1848,Blender Bottle
1849,维氏（VICTORINOX）
1850,"Nittaku,YASAKA"
1851,"拉薇（Lavera）,plackers"
1852,"艾天然（Attenir）,Dariya"
1853,"Rogaine,Dermaroller"
1854,"玫瑰庄园（Chateau Montrose）,SYRAZTIME"
1855,"无,无匠"
1856,和光堂（Wakodo）
1857,"Sunshine,Dermaroller"
1858,"无,MOME"
1859,"珊珂,Nuilaa"
1860,"贝拉米（Bellamy's）,GROW GORGEOUS"
1861,"Le Ponnine,春莺（Joriole）"
1862,"金鸟（KINCHO）,和光堂（Wakodo）"
1863,奔富
1864,Hommkesa
1865,"珂莱欧（CLIO）,THREE"
1866,FROMNATURE ARLESHEIM
1867,金剛
1868,lhamour
1869,"WOWJI,yohji yamamoto"
1870,"拜尔斯道夫（Hansaplast）,ARTIS"
1871,"无,悦舒荟"
1872,"黛尔珀（d'Alba）,雅莉格丝（Elegance）"
1873,"厚健堂,essence"
1874,"Degaba,书威"
1875,美赞臣蓝臻
1876,"THREE,EBIS"
1877,"Durrell,CANMAKE"
1878,"厚健堂,Amino mason"
1879,"PAUL&JOE,PRICELINE"
1880,"ETUDE HOUSE,SOJO"
1881,欧德萨（ORADEA）
1882,ESSSE CAFFE
1883,"Source Naturals,LONGTAKE"
1884,"ANTIO,颐莲（RELLET）"
1885,"德国世家（Dr.Hauschka）,Malin+Goetz"
1886,"FANOLA,ZHENMI"
1887,"厚健堂,悦舒荟"
1888,"资生堂（SHISEIDO PROFESSIONAL）,颐莲（RELLET）"
1889,"Dariya,维蕾德（WELEDA）"
1890,"Gerllo,FILSWA"
1891,TASTE OF THE WILD
1892,CIAO
1893,"卡洛塔妮（karihome）,子母（DUTCH LADY）"
1894,PharmaHermetic
1895,M&J 博譽發展集團有限公司
1896,日本盛
1897,NATUREBELL
1898,"丝碧柔,三妆"
1899,"所望（SOMANG）,VT"
1900,"娅刻努(YAKENU),HARIO"
1901,"贵艾朗,爱敬（AEKYUNG）"
1902,"ANTIO,益教授"
1903,"巴哈,柳泽"
1904,"ILSO,雅芳（AVON）"
1905,"Cancer Council,Losoki"
1906,"Kimiwa,Domol"
1907,"伊贝诗,高姿（COGI）"
1908,"NINJA,铂富（Breville）"
1909,CHEMI-PHARM
1910,"SUSTYLE,Montana West"
1911,"每日（Maeil）,嘉娜宝（KANEBO）"
1912,DIRU
1913,"Malin+Goetz,shiro"
1914,"味霸,山本汉方制药株式会社"
1915,"玛尔斯（MARVIS）,艾梵达（AVEDA）"
1916,YNO
1917,"Zo Skin Health,茱莉蔻"
1918,"MITHAOL,Eternelle"
1919,"所望（SOMANG）,Dariya"
1920,鸿星尔克绝尘
1921,"春雨（Papa recipe）,CANMAKE"
1922,Vacilon
1923,"貝印,PRICELINE"
1924,"富士帝（FUJIOH）,夏普"
1925,"厚健堂,MT"
1926,"晶杰,贝臣（Bübchen）"
1927,"臻护新苼,牛栏（Cow&Gate）"
1928,"珂莱欧（CLIO）,珂莱欧（clio）"
1929,"BIUI,PATANLP"
1930,宜可诚（Ecostore）
1931,"Dariya,娥佩兰（OPERA）"
1932,"资生堂专业美发（SHISEIDO PROFESSIONAL）,未来（VAPE）"
1933,Rewi
1934,"妙力,九州"
1935,"ACCA KAPPA,老瑤薑"
1936,"复轻园,小浣熊"
1937,"SAVANNA ORCHARDS,IDESIGN"
1938,惠普
1939,"UZU,ANNABELLA"
1940,"海普诺凯1897（Hyprocal1897）,子母（DUTCH LADY）"
1941,"芙芙,颐莲（RELLET）"
1942,"LORETTA,Cancer Council"
1943,"Ianys,鄭明明（CMM）"
1944,百思特（baisite）
1945,"高丝（Kose）,碧玉泽"
1946,"LORETTA,BIBZIZ"
1947,"Dariya,熊野油脂（HorseOil）"
1948,"欧仕派（OLD SPICE）,PRICELINE"
1949,"GIRLS CRUSH,INTO YOU"
1950,"帕高（Paco Rabanne）,OUR LEGACY"
1951,"馥华诗（COURVOISIER）,黑塔（Black Tower）"
1952,"BLANCO,SUSTYLE"
1953,"BSAI,娥佩兰（OPERA）"
1954,"HYGIENE,NAMMAN MUAY"
1955,"美源（bigen）,近江兄弟"
1956,ALZIPMAT
1957,"D二次方（DSquared2）,罗伯特·卡沃利（ROBERTO CAVALLI）"
1958,"Gik,catrice"
1959,KaLOHaS+
1960,"德研丝（SYSTEM PROFESSIONAL）,小红脸"
1961,"SHEVEU,美国箭牌（Mane 'n Tail）"
1962,"Horizon Organic,福爵（FUJUE）"
1963,"唯意一号,格兰轩（GRANSHAN）"
1964,Canesten
1965,"Two cows,Krauterhof"
1966,"宜可诚（Ecostore）,今治タオル（ imabari towel）"
1967,SUQQU
1968,"SAGE,博朗菲（Borownfie）"
1969,"路易老爷（Louis Royer）,十四代"
1970,"ZHENMI,Cancer Council"
1971,"Rosa Prima,京都念慈菴"
1972,传皙诺（TRANSINO）
1973,"麦卡伦（MACALLAN）,卡慕（CAMUS）"
1974,法帝旗（FADIQI）
1975,"康贝（Combi）,阿普丽佳（APRICA）"
1976,"雅莉格丝（Elegance）,LANLVX"
1977,"图里巴丁（Tullibardine）,格兰花格（Glenfarclas）"
1978,"安妮克莱因（ANNE KLEIN）,潘多拉（pandora）"
1979,"LORETTA,CANMAKE"
1980,"Masata,ISANA"
1981,"Apriori,MAQUILLAGE"
1982,"HISTOIRES de PARFUMS,PRICELINE"
1983,苏菲
1984,"妙力,丹麦蓝罐（Kjeldsens）"
1985,"和光堂（Wakodo）,貝印"
1986,"蜜黛诗（Methode Swiss）,莎莎（Sasa）"
1987,"资生堂（SHISEIDO PROFESSIONAL）,THREE"
1988,"贝拉米（Bellamy's）,可瑞康（karicare）"
1989,资生堂专业美发（SHISEIDO PROFESSIONAL）
1990,BIOTONA
1991,响（Hibiki）
1992,"HARIO,SKATER"
1993,"春雨（Papa recipe）,Losoki"
1994,"克斯阿苏尔,响（Hibiki）"
1995,"cantu,艾梵达（AVEDA）"
1996,"颐莲（RELLET）,凌博士"
1997,"卡洛塔妮（karihome）,喜宝（HiPP）"
1998,"凉介,摩飞电器（Morphyrichards）"
1999,"SAVANNA ORCHARDS,TheraBreath"
2000,"HABA,赫妍（HERA）"
2001,BYLYSE
2002,艾优睿
2003,Aritzia
2004,"专典,颐莲（RELLET）"
2005,"罗娜女神,兰芝（LANEIGE）"
2006,浮美
2007,"维蕾德（WELEDA）,Caprilac"
2008,"海特安可金卡露,沃斯坦"
2009,"欧仕派（OLD SPICE）,SHEVEU"
2010,"AG,传奇今生（LEGEND AGE）"
2011,"天,罗娜女神"
2012,"卡洛塔妮（karihome）,瑞一宝"
2013,VICKI BROWN
2014,"MOONY,克奈圃（Kneipp）"
2015,"安娜柏林（Annemarie Borlind）,高丝（Kose）"
2016,"SUNSILK,欧倍青（Alpecin）"
2017,"SUN ZAPPER,Creer Beaute"
2018,高姿（COGI）
2019,"伊藤（Ito）,米勒·海莉诗（Miller Harris）"
2020,"艾美（Emmi）,欧迪圣（OWNDAYS）"
2021,"虎牌,东芝"
2022,"子母（DUTCH LADY）,摩可纳（Moccona）"
2023,"TESORI D'ORIENTE 东方宝石,伊思（It’s skin）"
2024,"石崎成器,西哲（sezze）"
2025,闻献 DOCUMENTS
2026,"AROUGE,蜜丝婷（misiting）"
2027,日立（HITACHI）
2028,"PRICELINE,OGX"
2029,"艾杜莎（Ettusais）,AMPLEUR"
2030,"Ben Nye,嘉娜宝（KANEBO）"
2031,"WOPUKA,THREE"
2032,"NATIO,ETVOS"
2033,"德国世家（Dr.Hauschka）,RMK"
2034,"生鲜本能（instinct）,Quest"
2035,"essence,蔻吉"
2036,"沙龙贝尔,凯歌"
2037,ANASTASIA BEVERLY HILLS
2038,"芭宝（BABOR）,芯丝翠（Neostrata）"
2039,"DOMX,MOIA"
2040,"yohji yamamoto,MIKIMOTO"
2041,诺士博（NOVEXPERT）
2042,"SAMURAI JEANS,Paraboot"
2043,森宝（Semper）
2044,"BOH,水果之乡"
2045,"丹麦蓝罐（Kjeldsens）,SUNRAYSIA NATURAL. NUTRITIOUS. DELICIOUS."
2046,"DOFANKIN,AROMAT HERBS"
2047,"宫本川,爱伽丝"
2048,"RSY,轻奢"
2049,"康如（KLORANE）,欧缇丽（Caudalie）"
2050,"雅莉格丝（Elegance）,丽珠兰（REJURAN）"
2051,"悦舒荟,0001"
2052,"艾珂薇（ACWELL）,SPICARE"
2053,"too faced,缔芙曼（DIFUMAN）"
2054,Medallion
2055,摩飞电器（Morphyrichards）
2056,"Deonatulle,吾诺（UNO）"
2057,"和光堂（Wakodo）,香蒲丽"
2058,"珀莱雅双抗,安晒美"
2059,"PLUS EAU,艾杜莎（Ettusais）"
2060,"康蜜儿（Kamill）,克奈圃（Kneipp）"
2061,汀思图（DEANSTON）
2062,FAZAU
2063,Otamatone
2064,"和光堂（Wakodo）,森田藥粧（DR.JOU）"
2065,"小蓝瓶（TAKAMI）,PLIFT"
2066,"小蓝瓶（TAKAMI）,Dermaroller"
2067,"AG,润妮秀"
2068,"ETVOS,Algenist"
2069,"SKATER,needsuvcut"
2070,"澳柯玛（AUCMA）,美诺（MIELE）"
2071,雅琪朵（argital）
2072,"muselove,谷格"
2073,维丽海斯
2074,"维蕾德（WELEDA）,欧仕派（OLD SPICE）"
2075,巴哈
2076,"澳芝曼（G＆M）,珂莱欧（CLIO）"
2077,"UZU,苏菲娜（Sofina）"
2078,"YS,D"
2079,"网件（NETGEAR）,IQAir"
2080,"皮尔卡丹（PIERRE CARDIN）,BY S.T.DUPONT;D"
2081,"克宁（KLIM）,Simply Organic"
2082,"RMK,SUQQU"
2083,"酷彩（Le Creuset）,亨克斯（HENCKELS）"
2084,摩洛哥油（Moroccanoil）
2085,儷心國際貿易有限公司標章
2086,谷雨（GOODWAY）
2087,"MOCLANB 默克兰博,GDANNY"
2088,"皮尔卡丹（pierre cardin）,梦特娇（MONTAGUT）"
2089,老虎牌
2090,"怡万家（iwaki）,NINJA"
2091,D
2092,"HARPIC,SUNLIGHT"
2093,迷珂宝（MILK BAOBAB）
2094,"GENEX FORMULAS,FitLine"
2095,"FOUR NINES,LINDBERG"
2096,"CAPITA,FLUX"
2097,"雅莉格丝（Elegance）,ACQUA COLONIA NO.4711."
2098,英伟达 NVIDIA
2099,VAPE
2100,"Elta MD,NAPOLEON PERDIS"
2101,"ETVOS,RMK"
2102,"科士威,金门高粱"
2103,兰芝（LANEIGE）
2104,"九州,伊藤园（ITOEN）"
2105,"PAUL&JOE,酷韵（Cure Natural Aqua Jel　）"
2106,"美源（bigen）,福而可（FUEKI）"
2107,"近江兄弟社（OMI BROTHERHOOD）,春雨（PAPARECIPE）"
2108,"JOHN VARVATOS,BUXOM"
2109,SANKAIDOU
2110,皇后的秘密
2111,"LEFILLEO,颐莲（RELLET）"
2112,"施丹兰（STENDERS）,OPI"
2113,"COCOSILIYA,小城伊香（Xiaochengyixiang）"
2114,"果本（gooben）,高姿（COGI）"
2115,"维氏（VICTORINOX）,MEPAL"
2116,"颐莲（RELLET）,湘南"
2117,"罗娜女神,ORGINESE"
2118,"高丝（Kose）,MAQUILLAGE"
2119,"赛步,香港大药房"
2120,"SNIDEL BEAUTY,SUQQU"
2121,"APOTHEKE FRAGRANCE,Parfums de Marly"
2122,"琉球酒豪伝説,培克能"
2123,GEDICO
2124,以纯（YISHion）
2125,MINOIS PARIS
2126,Liefmans
2127,"LINDBERG,Dita"
2128,"PLIFT,桃瑞丹"
2129,"宜可诚（Ecostore）,碧户清（Briochin）"
2130,乐高教育
2131,"艾优睿,安满（ANMUM）"
2132,"可菱水,HORI"
2133,"sesderma,Rosette"
2134,"蜜浓（MINON）,雅莉格丝（Elegance）"
2135,"爱慕莎（EMSA）,德国宝（German Pool）"
2136,"PAUL&JOE,Apagard"
2137,GROSJEAN
2138,"得妈贝,卡诗 KERASTASE"
2139,"雅莉格丝（Elegance）,I-WAWA"
2140,"RYOBI,孔雀（Peacock）"
2141,"天安门,舍得"
2142,HR
2143,禧贝（Happybaby）
2144,"Amino mason,棕榄（PALMOLIVE）"
2145,"馥马尔,ANTONIO BANDERAS"
2146,"HABA,SNIDEL BEAUTY"
2147,"CHERRY,AOC"
2148,HERBATINT
2149,"MENOKIN,HABA"
2150,"ARMA,AREA"
2151,"大白罐,fix&tox"
2152,"TITO’S HANDMADE VODKA,IGANOFF"
2153,CREED
2154,"ausiki,可瑞康（karicare）"
2155,"野鸟（WILD BIRDS）,STANCE"
2156,"EUTHYMOL,Admire My Skin"
2157,都柏特（S.dubtnt）
2158,"挺拔（TIBHAR）,GEWO"
2159,EARLY RIDER
2160,乐毅积木
2161,"mosh!,碧然德"
2162,"宝贝与我（Arla）,boiron"
2163,"珀莱雅双抗,娜涟"
2164,"欧缇丽（Caudalie）,雅莉格丝（Elegance）"
2165,爱顿博格（AnthonBerg）
2166,Torriden
2167,"UZU,RD"
2168,"KISS YOU,馬油保湿成分（horse oil）"
2169,JaneClare
2170,"HTC,SPICARE"
2171,日本
2172,"krups,百乐满（Paloma）"
2173,"Lil Critters,BRIONI"
2174,"GIRLS CRUSH GC,GIRLS CRUSH"
2175,活灵魂（ALMAVIVA）
2176,TOOFRUIT
2177,A 安生罗比
2178,"krups,BODUM"
2179,"玛丽安保莱（MARIANNEBOLLE）,湘南"
2180,MAD ET LEN
2181,CK
2182,"mks,KAI贝印"
2183,"馥绿德雅（RENE FURTERER）,东方宝石（Tesori D’oriente）"
2184,黛尔珀（d'Alba）
2185,"梵希,潘多拉（pandora）"
2186,"plackers,近江兄弟社（OMI BROTHERHOOD）"
2187,"PLIFT,娥佩兰（OPERA）"
2188,"3lab,德国世家（Dr.Hauschka）"
2189,CANMAKE
2190,CAMETTE
2191,Cancer Council
2192,丽丝雅（Restoria）
2193,"TAITO,FURYU"
2194,"高丝（Kose）,穆乐（MUHLE M）"
2195,ZM beauty
2196,"资生堂（SHISEIDO PROFESSIONAL）,路丝（RAUSCH）"
2197,"乐喜力丝,奢貌"
2198,新秀丽
2199,"舒雅（shuya）,乐基因（nalgene）"
2200,美源（MEIYUAN）
2201,"金钟酒庄（Chateau Angelus）,滴金庄园"
2202,"NUMBUZIN,麦迪安（Median）"
2203,TAL
2204,SHIRO
2205,"蜜浓（MINON）,高姿（COGI）"
2206,"玛尔斯（MARVIS）,高丝（Kose）"
2207,"徕本（HELLOLEIBOO）,UWANT"
2208,"皮尔卡丹（pierre cardin）,COOGI"
2209,"菲洛嘉（Filorga）,玛丽安保莱（MARIANNEBOLLE）"
2210,"SUSTYLE,ANYSMIC"
2211,"KINGDOM,莎娜（SANA）"
2212,"TO&FOR,美迪"
2213,"SANEI,KVK"
2214,"Filco,夏普"
2215,"FANOLA,怀尔德"
2216,"赛逸,吾诺（UNO）"
2217,"DUO,苏菲娜（Sofina）"
2218,"ecomed,凯伦诗（CLORIS）"
2219,"库克,Marcassin Vineyard"
2220,DOBO
2221,"HTC,CREED"
2222,"高丝（Kose）,马油（LOSHI）"
2223,"象印,SKATER"
2224,SOFO
2225,SUNSILK
2226,"贵艾朗,嘉娜宝（KANEBO）"
2227,"凌博士,泊美（PURE＆MILD）"
2228,"高丝（Kose）,秀肤生（Cell Fusion C）"
2229,"卡慕（CAMUS）,野格（Jagerneister）"
2230,优鲜沛（Ocean Spray）
2231,"荷诺（histoire naturelle）,碧波曼（BOM）"
2232,"TRANSPARENT,krups"
2233,欧倍青（Alpecin）
2234,安努克（AnCnoc）
2235,HARIO
2236,"惠人（HuiRen）,摩飞电器（Morphyrichards）"
2237,"水之璨（suisai）,ETVOS"
2238,"特福（Tefal）,日立（HITACHI）"
2239,"高丝（Kose）,sesderma"
2240,"馥绿德雅（RENE FURTERER）,雅莉格丝（Elegance）"
2241,"阿彼芙（ABIB）,欧蕙（OHUI）"
2242,"德国宝（German Pool）,铂富（Breville）"
2243,"HABA,Original Sprout"
2244,"橘滋（Juicy Couture）,艾天然（Attenir）"
2245,阿彼芙（ABIB）
2246,"秀肤生（Cell Fusion C）,碧迪皙（PDC）"
2247,"麦迪安（Median）,CHARLOTTE TILBURY（CT）"
2248,"SHEVEU,安瓶（CEMOY）"
2249,"雅莉格丝（Elegance）,爱敬（AEKYUNG）"
2250,露华浓
2251,"冠军（Champion）,特福（Tefal）"
2252,"AKASHI,越之忍（KOSHI NO SHINOBU）"
2253,"穆乐（MUHLE M）,汉美驰（Hamilton Beach）"
2254,"摩飞电器（Morphyrichards）,德龙(delong)"
2255,"他她语录（TATAYULU）,芭乐雅（Balea）"
2256,"摩飞（mofei）,惠人"
2257,"德美丝,DHC"
2258,朱栈（red chamber）
2259,FLEUR DE PARIS
2260,"NINJA,ASCOT"
2261,"Primal Kitchen,Julian Bakery"
2262,"伟龙 始于1993,ottogi"
2263,"PRICELINE,蜜浓（MINON）"
2264,"资生堂（SHISEIDO PROFESSIONAL）,嘉娜宝（KANEBO）"
2265,DEMAF
2266,ANTIO
2267,"维蕾德（WELEDA）,Klosterfrau"
2268,"森下仁丹（Jintan）,Neosporin"
2269,"何物,千妍"
2270,宾利（Bentley）
2271,"资生堂（SHISEIDO PROFESSIONAL）,milbon"
2272,钜记饼家
2273,"MAJESTY,OOFOS"
2274,"韩方五谷,THREE"
2275,德国宝（German Pool）
2276,"PADRE,阿佩罗（APEROL）"
2277,凯乐石薄荷
2278,eone
2279,"HONEY ROA,玛丽安保莱（MARIANNEBOLLE）"
2280,"爱诗魅（LABORATOIRE DERMATOLOGIQUE ACM）,维蕾德（WELEDA）"
2281,"PRICELINE,近江兄弟社（OMI BROTHERHOOD）"
2282,"Aderia,丸モ高木陶器"
2283,"CIAO,西莎（CESAR）"
2284,"金达（KANDA）,ic!berlin"
2285,"CASETiFY,NINJA"
2286,"imarflex,Tescom"
2287,ROXY
2288,"颐莲（RELLET）,BIO"
2289,CecileMaia
2290,"NE:AR,八道（PALDO）"
2291,"Panama Jack,KDOPA"
2292,"小蓝瓶（TAKAMI）,HTC"
2293,"GA,COVERMARK"
2294,Morelax
2295,"RMK,Fas-Fas"
2296,"宫本川,珂莱欧（CLIO）"
2297,LUSH
2298,inflation
2299,"peripera,益教授"
2300,"sesderma,COW BRAND"
2301,"咀香园,钜记饼家"
2302,OLIVIAM
2303,"建伍（KENWOOD）,AOC"
2304,"Nuface,特福（Tefal）"
2305,Mama&Kids
2306,"REMINESSANCE,得康氧"
2307,"安娜柏林（Annemarie Borlind）,德国世家（Dr.Hauschka）"
2308,"资生堂（SHISEIDO PROFESSIONAL）,雅莉格丝（Elegance）"
2309,Dariya
2310,"PAUL&JOE,德国魅影（KRYOLAN）"
2311,"怡思丁（ISDIN）,olaplex"
2312,春雨（Papa recipe）
2313,"鹿角巷（MILKTEA）,卡比乐"
2314,"YASAKA,伟易达（Vtech）"
2315,"LINDBERG,LUNOR"
2316,"海旅免,松井（THE MATSUI）"
2317,"德妃,颐莲（RELLET）"
2318,MADONNA
2319,"JUNOBIO,YSL"
2320,"花姿菓色（naturaglace）,雅莉格丝（Elegance）"
2321,"薇薇安西太后,BOSS HUGO BOSS"
2322,"HABA,COVERMARK"
2323,"日立（HITACHI）,ICOM"
2324,利善维
2325,JEEP
2326,"一叶子 ONE LEAF,爱敬（AEKYUNG）"
2327,"高丝（Kose）,CECILE MAIA"
2328,"杞他她（QITATA）,她及其他"
2329,"PERFECT MOMENT,ALO YOGA"
2330,Kusa
2331,纪梵哲
2332,"dr.arrivo,Nuface"
2333,"德国魅影（KRYOLAN）,SUQQU"
2334,MIKIMOTO
2335,"ALO YOGA,Selmark"
2336,永谷园
2337,瑞妍（cellcosmet）
2338,"索爱,艾泰克ATK"
2339,"WATUS,MOOV"
2340,苏秘37°（Su:m37°）
2341,SIDAS
2342,"高丝（Kose）,PANPURI"
2343,丽芝士
2344,"ALO YOGA,纪思梵"
2345,R&F
2346,"HTC,雅莉格丝（Elegance）"
2347,"Freeze Frame,近江兄弟"
2348,PK
2349,"ZEAL,一叶子 ONE LEAF"
2350,"川崎（KWSK）,皓乐齿（Ora2）"
2351,L.A. GIRL
2352,"建伍（KENWOOD）,伊莱克斯（Electrolux）"
2353,"Dermaroller,GALLITH"
2354,"glorious,SHARPER IMAGE"
2355,美浮特
2356,"美诺（MIELE）,日立（HITACHI）"
2357,"嫒碧知,FLORIS"
2358,"日立（HITACHI）,GAGGENAU"
2359,"Freeze Frame,雅莉格丝（Elegance）"
2360,"一叶子 ONE LEAF,颐莲（RELLET）"
2361,JACK WOLFSKIN
2362,高丽雅娜（Coreana）
2363,"NINJA,美诺（MIELE）"
2364,"ALO,ALO YOGA"
2365,"神田,三禾"
2366,"雅莉格丝（Elegance）,瑞妍（cellcosmet）"
2367,"KESALAN PATHARAN,excel"
2368,玛尔斯（MARVIS）
2369,"摩音,一兰（ICHIRAN）"
2370,"NUK,赫巴兹（HZIB）"
2371,"YSL,Alo Yoga"
2372,"皮尔卡丹（pierre cardin）,汉美驰（Hamilton Beach）"
2373,"FITBIT,美诺（MIELE）"
2374,"高丝（Kose）,馥绿德雅（RENE FURTERER）"
2375,"斯蒂万（SteamOne）,特福（Tefal）"
2376,"茱莉蔻,皑丽"
2377,"美诺（MIELE）,WHOOP"
2378,"真维斯（Jeanswest）,汉尼（HANY）"
2379,贝茗（Bare Minerals）
2380,珀莱雅双抗
2381,"林清轩 山茶花护肤,方里（FUNNY ELVES）"
2382,"DR.DH,德妃（DERMAFIRM）"
2383,"玛丽安保莱（MARIANNEBOLLE）,CHARLOTTE TILBURY（CT）"
2384,MANIC PANIC
2385,"WWOOR,日立（HITACHI）"
2386,"UZUPRO,利维肤（Revive）"
2387,卡尼尔（Garnier）
2388,"dr.arrivo,博朗菲（Borownfie）"
2389,Silk'n
2390,"MT METATRON,花姿菓色（naturaglace）"
2391,"Ark Naturals,Stranger Things"
2392,"Original Sprout,MUSTELA"
2393,OFF-WHITE C/O VIRGIL ABLOH
2394,爱步定
2395,"PRICELINE,德国魅影（KRYOLAN）"
2396,帕拉索
2397,"A BATHING APE,BEAMS"
2398,"CHARLOTTE TILBURY（CT）,瑞妍（cellcosmet）"
2399,"ALO YOGA,NOVESTA"
2400,"Nuface,Silk'n"
2401,米勒·海莉诗（Miller Harris）
2402,Cabaku
2403,"itel,C"
2404,"利维肤（Revive）,瑞妍（cellcosmet）"
2405,"Noeme,施丹兰（STENDERS）"
2406,"PNY,skagen"
2407,"艾杜莎（Ettusais）,SUQQU"
2408,"贝茗（Bare Minerals）,it cosmetics"
2409,"华尔（WAHL）,POKALEN"
2410,Ka
2411,"瑞铂希（REPACELL）,雪肌精（SEKKISEI）"
2412,"皮尔卡丹（pierre cardin）,范琦（Fanci）"
2413,富士
2414,"Creer Beaute,CHARLOTTE TILBURY（CT）"
2415,"RMK,ADDICTION"
2416,伊索（AESOP）
2417,"萨拉维夫（SLLAVIF）,HR"
2418,"VERMICULAR,±0"
2419,"CELIMAX,SKIN 1004"
2420,"资生堂（SHISEIDO PROFESSIONAL）,SUQQU"
2421,VENUM
2422,"DUP,CLUB"
2423,"秀肤生（Cell Fusion C）,UZUPRO"
2424,"POLA,艾杜莎（Ettusais）"
2425,"mosh!,SKIMS"
2426,"图丽（TOKINA）,WWOOR"
2427,"lavy,维蕾德（WELEDA）"
2428,CoCoChi
2429,"CREED,爱敬（AEKYUNG）"
2430,凯朵（KATE）
2431,"UWANT,BLAUPUNKT"
2432,ALO YOGA
2433,"D二次方（DSquared2）,巴尔曼（BALMAIN）"
2434,"AROUGE,花姿菓色（naturaglace）"
2435,"建伍（KENWOOD）,网件（NETGEAR）"
2436,"IN ESSENCE,INSRE"
2437,PRICELINE
2438,"美诺（MIELE）,先锋（Pioneer）"
2439,"Elta MD,cure"
2440,BHARAL
2441,"caravan,GOLDWIN"
2442,DECORRACK
2443,"建伍（KENWOOD）,JBL"
2444,"施丹兰（STENDERS）,INSRE"
2445,LODGE
2446,"Goldwell,艾梵达（AVEDA）"
2447,博乐达（BRODA）
2448,"moira,碧唇（Blistex）"
2449,MONCLOS
2450,W.DRESSROOM
2451,"雪花秀,资生堂（SHISEIDO PROFESSIONAL）"
2452,蜜浓（MINON）
2453,碧然德
2454,"Vitamix,Nakamichi"
2455,"建伍（KENWOOD）,JEEP"
2456,伊丽莎白.雅顿
2457,"KENWOOD,ICOM"
2458,"迪桑特,SIMMS"
2459,"日立（HITACHI）,伊顿（Eaton）"
2460,Spa treatment
2461,尚南堂
2462,GORDON & MACPHAIL
2463,"施丹兰（STENDERS）,本 肌本道"
2464,"美诺（MIELE）,ICOM"
2465,PORA
2466,"Franck Olivier,古巴（Cuba）"
2467,"Kangol,ALO YOGA"
2468,PB
2469,"雅莉格丝（Elegance）,怡思丁（ISDIN）"
2470,GOSEN
2471,百雀羚一刻
2472,"本 肌本道,AI HE RUI"
2473,"日立（HITACHI）,艾尚俪"
2474,"CHERRY,日立（HITACHI）"
2475,"秀肤生（Cell Fusion C）,利维肤（Revive）"
2476,COVERMARK
2477,"COW,CANMAKE"
2478,"西伯利亚（XIBERIA）,山水（SANSUI）"
2479,"艾杜莎（Ettusais）,丽珠兰（REJURAN）"
2480,珂莱欧（CLIO）
2481,七容
2482,"古兰驰（GULANCHI）,雅莉格丝"
2483,REPRESENT
2484,Deonatulle
2485,NOTHING
2486,凯伍德（KENWOOD）
2487,曼多贝尔MONDOBELL
2488,"资生堂（SHISEIDO PROFESSIONAL）,苏秘37°（Su:m37°）"
2489,欧缇丽（Caudalie）
2490,"菲洛嘉（Filorga）,Laura Mercier"
2491,"Tabata,迪士尼（Disney）"
2492,SKIMS
2493,"YSL,MIKIMOTO"
2494,SMOOTHSKIN
2495,"AMIRI,BARENA"
2496,施丹兰（STENDERS）
2497,"牙米滋,孔雀（Peacock）"
2498,宝可梦
2499,"生鲜本能（instinct）,渴望（Orijen）"
2500,水之璨（suisai）
2501,"露华浓,薇姿（VICHY）"
2502,利维肤（Revive）
2503,"Kindle,伊莱克斯（Electrolux）"
2504,SABON
2505,"COVERMARK,雅莉格丝（Elegance）"
2506,"摩飞电器（Morphyrichards）,Wedgwood"
2507,"WHOOP,ICOM"
2508,"Aura Cacia,CAMILLE ROSE"
2509,微单
2510,ADDICTION
2511,"施图霖（Stuhrling）,安妮克莱因（ANNE KLEIN）"
2512,DPK
2513,"沙驰（SATCHI）,摩飞电器（Morphyrichards）"
2514,网件（NETGEAR）
2515,HABA
2516,"AOC,WHOOP"
2517,"谷雨（GOODWAY）,薇姿（VICHY）"
2518,"AOC,OURA"
2519,Mountain Hardwear
2520,"网件（NETGEAR）,荣事达（Royalstar）"
2521,"艾尔玛诺·谢尔维诺（ERMANNO SCERVINO）,S MAX MARA"
2522,"By Kilian,馥马尔"
2523,"ALO YOGA,G FORE"
2524,悠莱
2525,"山雾花野（Flower Mountain）,泰尼飞（Tecnifibre）"
2526,NOEVIR
2527,MSGM
2528,"德国唯宝（Villeroy&Boch）,JEEP"
2529,沃尔夫冈（WOLFGANG）
2530,"ALO YOGA,FILSON"
2531,"红狼（RED WOLF）,SPORLASTIC"
2532,CARITA凯芮黛
2533,"FITBIT,AOC"
2534,沙驰（SATCHI）
2535,"DUNST,ALO YOGA"
2536,"恏缘精品,Hello Kitty"
2537,"塔思琦,REALISATION PAR"
2538,"Kindle,伊顿（Eaton）"
2539,CHERRY
2540,Kindle
2541,"杜莎蕾奴,KAGAMI"
2542,"AOC,德国宝（German Pool）"
2543,REXL
2544,新百伦
2545,"百斯锐（Bestray）,COOGI"
2546,"HEGEN,SKATER"
2547,艾丽美（ELEMIS）
2548,"斐泉（fiji）,中原（TRUNG NGUYEN）"
2549,"DUNLOP,Victas"
2550,"菲利普（PHILLIPS）,SWANS"
2551,"铂富（Breville）,REMARKABLE"
2552,"网件（NETGEAR）,魔声（Monster）"
2553,"BAKER SKATEBOARDS,ALO YOGA"
2554,"Essential Parfums,芦丹氏（SergeLutens）"
2555,AMIRI
2556,Laurel
2557,"维氏（VICTORINOX）,生鲜本能（instinct）"
2558,"DRIES VAN NOTEN,Vince"
2559,"Sydney Evan,S MAX MARA"
2560,"DSQUARED2,WILLY CHAVARRIA"
2561,"AMIRI,FIORUCCI"
2562,"网件（NETGEAR）,美膳雅（CUISINART）"
2563,Q
2564,"皮尔卡丹（pierre cardin）,LODGE"
2565,威格（Wrangler）
2566,"ALO YOGA,史克威尔艾尼克斯（SQUARE ENIX）"
2567,"山水（SANSUI）,吉年瓦兰"
2568,GOYARD
2569,"安妮克莱因（ANNE KLEIN）,FILSON"
2570,"KJUS,尼克松（Nixon）"
2571,"网件（NETGEAR）,Kindle"
2572,葆丽美（Suisse Programme）
2573,艾杜莎（Ettusais）
2574,JBL
2575,"宝路华（BULOVA）,G FORE"
2576,颐莲（RELLET）
2577,G FORE
2578,安妮克莱因（ANNE KLEIN）
2579,"OOFOS,坎戈尔袋鼠（KANGOL）"
2580,Kinto
2581,AOC
2582,"Buly1803,Rituals"
2583,百斯锐（Bestray）
2584,REALISATION PAR
2585,"visvim,Kiton"
2586,OFF WHITE
2587,"THEORY,Kendra Scott"
2588,诺基亚（NOKIA）
2589,"Kiton,GIANNI CHIARINI"
2590,"G FORE,GOLDWIN"
2591,SUPREME
2592,康佳（KONKA）
2593,"JACQUEMUS,PDPAOLA"
2594,"sera,迪士尼（Disney）"
2595,"AOC,富士施乐（Fuji Xerox）"
2596,"YASAKA,NEW ERA"
2597,世界地理（WORLD  GEOGRAPHY）
2598,BUTTERFLY
2599,Zippo
2600,superdry
2601,黑莓（BlackBerry）
2602,"宝路华（BULOVA）,STUHRLING"
2603,"G FORE,Kendra Scott"
2604,THEORY
2605,"JACQUEMUS,Kendra Scott"
2606,"G FORE,奥尔多（aldo）"
